NUTS_ID,month,econ_sent,other_sent,REGENS_NET,n_news,n_news_econ
DE111,2026-06-01,2.0429882095742427,3.7577796797422827,-1.6083845326142927,2051,298
DE112,2026-06-01,2.4064752808523715,3.7645819803534395,-0.7374689358948002,799,28
DE113,2026-06-01,2.7160327277707434,3.7707939731506834,0.004342056657376789,450,15
DE115,2026-06-01,2.1243434811941064,3.816526595972587,-1.398314000729477,923,58
DE116,2026-06-01,2.895580412055288,3.7143958518599165,0.4187249197125821,342,16
DE117,2026-06-01,2.7189206084605924,3.3030337588872007,-0.11253520879473868,247,24
DE118,2026-06-01,2.1360559726948423,3.3633808095103546,-1.4902238033184318,214,40
DE119,2026-06-01,2.8372545410924848,3.5819410476768896,0.24421366873347994,54,8
DE11A,2026-06-01,2.216019263216403,3.6663668431601084,-1.21884912005389,125,18
DE11B,2026-06-01,2.632877238181019,4.000975160492177,-0.13357449272025176,309,43
DE11C,2026-06-01,2.4958438114531822,3.799417223083115,-0.5145659987052691,131,6
DE11D,2026-06-01,2.598998139190075,3.8404818974105726,-0.2570520600362068,678,54
DE122,2026-06-01,2.2125027789765075,3.4401685353130036,-1.2871155554523463,672,62
DE123,2026-06-01,2.736057815519417,3.7409682007351237,0.04433030246356734,562,47
DE124,2026-06-01,2.7565635564728526,3.4549265593313927,0.017665986179538823,477,47
DE125,2026-06-01,2.5876204284750774,3.736851228218027,-0.31168027793932485,564,59
DE126,2026-06-01,2.5290930086855212,3.8193366804224804,-0.42979428677277226,991,88
DE127,2026-06-01,3.1118836303411723,3.8645272859011706,0.9756455282973078,360,24
DE128,2026-06-01,2.7606395913761586,3.78215940557577,0.1140068768702202,1478,83
DE129,2026-06-01,2.3129586680014054,3.4968599088787307,-1.0319184586856485,159,9
DE12A,2026-06-01,3.0198399212910476,3.8762994066806753,0.7586797089621051,461,46
DE12C,2026-06-01,2.636487767513741,3.666448140484855,-0.21346666987682106,308,26
DE131,2026-06-01,2.3544073144506386,3.884441786253615,-0.8302477820801286,643,53
DE132,2026-06-01,2.4427904758726053,3.6408429214633182,-0.683382301181003,643,53
DE133,2026-06-01,2.2401387713813516,3.564902191052754,-1.1880285482224142,445,38
DE134,2026-06-01,2.6532307238677912,3.5794511174133636,-0.19645526128527868,1822,110
DE135,2026-06-01,2.872564528651136,3.9224380186567513,0.4187465364970357,532,50
DE136,2026-06-01,2.5186088860198264,3.9268341929673425,-0.4264155169514478,400,32
DE137,2026-06-01,3.1857601432648472,4.034527025815104,1.1972745630354578,230,5
DE138,2026-06-01,2.1659644208049245,3.965751318276643,-1.2593072790991273,608,32
DE139,2026-06-01,2.834414255308138,3.722925107169533,0.27473069903258973,1151,78
DE13A,2026-06-01,2.150935371444061,3.728400151497232,-1.3580521815568072,370,26
DE141,2026-06-01,2.4182715111645003,3.2726227933970042,-0.8394496174988476,460,34
DE142,2026-06-01,2.4894956894361795,3.610410408255323,-0.5797611187946088,124,8
DE143,2026-06-01,3.11158396845769,3.5268891611902107,0.8855806064204123,231,14
DE144,2026-06-01,2.3622006131652444,3.905197108390985,-0.8061211862968943,21,3
DE145,2026-06-01,2.8289233627834007,3.840161142930941,0.2926256118881293,149,12
DE146,2026-06-01,2.4748436290763536,3.8104860307937867,-0.561849357142285,397,35
DE147,2026-06-01,2.7545779068635943,4.1154388153354,0.18770806878317636,692,34
DE148,2026-06-01,2.0121707100615454,3.819181684964611,-1.6658220200880889,380,28
DE149,2026-06-01,2.9811617344973755,3.8754900886901047,0.6659840882417466,225,20
DE211,2026-06-01,2.720926255176669,3.809848977995528,0.026377759954853357,762,64
DE212,2026-06-01,2.7041509837112256,3.584822381456457,-0.0732810224714332,4732,237
DE213,2026-06-01,2.9272580302460365,3.8897967410414465,0.5408836093065821,397,32
DE214,2026-06-01,2.8278139753790654,3.7647271806516986,0.27001109254932154,443,25
DE215,2026-06-01,3.129902365546047,3.941389032978862,1.039068963883506,146,7
DE216,2026-06-01,3.2629593601359894,3.7457214028896177,1.3054357183196468,359,18
DE217,2026-06-01,2.585560920569211,3.5930656496571403,-0.3546543163453987,193,5
DE218,2026-06-01,2.9483267991531563,3.8532049728406923,0.5815768780437409,160,10
DE219,2026-06-01,3.230856153038056,3.7595433030708647,1.2323330246835027,627,22
DE21A,2026-06-01,2.659404428314537,3.8792345588775254,-0.10236261331788608,195,5
DE21B,2026-06-01,3.045311172588951,3.7976936616991592,0.7987814663530091,280,14
DE21C,2026-06-01,3.103157596328606,3.757472943081763,0.926451601173142,261,20
DE21D,2026-06-01,3.34102725924954,3.289401162707741,1.3713449202996624,198,10
DE21E,2026-06-01,3.089178892824117,3.7084749424996724,0.8800616010877561,143,14
DE21F,2026-06-01,3.155478939738233,3.699058644667541,1.036096470363615,443,59
DE21G,2026-06-01,2.8370214754664707,3.7625115738460475,0.29144036845721993,315,16
DE21H,2026-06-01,2.8473671347279472,3.723221216897933,0.30578003157639205,472,16
DE21I,2026-06-01,2.9643862910243364,3.770082201124581,0.5979793237388487,393,20
DE21J,2026-06-01,2.3096503833228224,3.448607115292238,-1.0525977585102961,316,11
DE21K,2026-06-01,2.357609089186584,3.6119003807558085,-0.8947141982594607,571,31
DE21L,2026-06-01,2.925850591044553,4.012003367645814,0.5698576167516001,168,13
DE21M,2026-06-01,3.349635939543583,3.907705094193398,1.5555490746169192,449,16
DE21N,2026-06-01,2.8273075222461186,3.8508964359600517,0.29160291383460574,194,14
DE221,2026-06-01,2.1339272769166,3.6131153731058183,-1.4292269255539045,260,12
DE222,2026-06-01,2.673578260336082,3.7203239720591763,-0.11052443194853596,979,59
DE223,2026-06-01,2.871598135339666,3.7388549796723614,0.3678546768084041,259,8
DE224,2026-06-01,3.030417839134477,3.7018117319301505,0.73779775248378,642,27
DE225,2026-06-01,2.8857648179817135,3.743413094841208,0.4029341176252523,346,20
DE226,2026-06-01,2.7059247374304625,3.9200035215807363,0.019658339415382704,159,13
DE227,2026-06-01,2.3351792032421175,3.542285721495848,-0.966767132372081,108,2
DE228,2026-06-01,2.817953140748662,3.858307321950732,0.2711972522440047,586,35
DE229,2026-06-01,2.725427409398961,3.7308399812368647,0.016232269116666444,387,19
DE22A,2026-06-01,2.6024343986118716,3.7686261868514563,-0.2678508088810624,454,29
DE22B,2026-06-01,2.748514345495707,3.806693742729169,0.09150728211135654,290,15
DE22C,2026-06-01,3.009546961574866,3.6521191679116614,0.6747444234667311,539,22
DE232,2026-06-01,2.6318661505546226,3.6055105729911414,-0.2406429550880195,846,39
DE234,2026-06-01,3.1726276319792444,3.633994089513946,1.0598819530018884,332,16
DE235,2026-06-01,3.0425522399798846,3.657057683506197,0.7549685406196882,619,25
DE236,2026-06-01,2.9627226541725933,3.6489141593844967,0.5619370603163979,422,17
DE237,2026-06-01,2.5043240320612643,3.993678090404493,-0.44288255763943885,277,18
DE238,2026-06-01,3.16918357133088,3.6604081869807903,1.0586369371325013,436,17
DE239,2026-06-01,2.6611944552901856,3.4095347539592353,-0.22237817066180093,893,53
DE23A,2026-06-01,3.3498331290962895,3.8807736543182707,1.5488937583646147,460,41
DE241,2026-06-01,2.5926925211201937,3.7706270917869458,-0.29061462359661655,645,27
DE242,2026-06-01,2.386980972576153,3.833874504443759,-0.7657440643038016,681,47
DE243,2026-06-01,2.897265381596926,3.7549089914062677,0.4334746657673139,360,29
DE244,2026-06-01,3.1489350600700234,3.8686144877249946,1.0653189116300503,1205,114
DE245,2026-06-01,3.763905726161604,3.4061334984359,2.4133588112101565,156,3
DE246,2026-06-01,2.8109021409212898,3.912212991793979,0.2686028996587054,469,35
DE247,2026-06-01,3.100351284214967,3.5855394721336715,0.8742432037786007,118,12
DE248,2026-06-01,2.670725776722683,3.7142688726771285,-0.11894720828362164,243,12
DE249,2026-06-01,3.1321388148666895,3.844613404382161,1.0188069081837678,367,21
DE24A,2026-06-01,2.8578585673063133,3.8265667609966445,0.3582136627216791,281,18
DE24B,2026-06-01,2.745105328491095,3.6417480534673916,0.03970694849881486,481,36
DE24C,2026-06-01,2.7906897585597457,3.7531683903824424,0.17818648209143706,171,11
DE24D,2026-06-01,3.1740185400077805,4.0229930403126986,1.1661475978289746,346,28
DE251,2026-06-01,2.984644352245933,3.4095009729530066,0.5509975502460396,160,14
DE252,2026-06-01,2.8281150868079292,3.664726950796196,0.2442682295154913,585,37
DE253,2026-06-01,2.815715250256292,3.4909766289046726,0.16864045274664133,540,17
DE254,2026-06-01,2.6117339173368808,3.5416282078947003,-0.3056851641039526,2088,126
DE255,2026-06-01,2.9068849583693126,3.8362351592056516,0.4779967087755239,252,13
DE256,2026-06-01,2.5777123784334095,3.5068324229292136,-0.3962402721057879,283,15
DE257,2026-06-01,3.137981542526369,3.716552476965165,0.9988886838254049,315,18
DE258,2026-06-01,2.941535592041977,3.4454863074308695,0.4574450958358945,159,11
DE259,2026-06-01,3.0403500594282074,3.710556669740628,0.7638603343619603,476,12
DE25A,2026-06-01,3.040084363018095,3.4859590522530444,0.7037902801149745,134,3
DE25B,2026-06-01,3.4147186402651335,3.574413726704422,1.6229668797826924,547,17
DE25C,2026-06-01,2.944672103063422,3.6987634939147607,0.5319688191116427,359,27
DE261,2026-06-01,2.1233362118837236,3.839255993167212,-1.3947076022197162,209,4
DE262,2026-06-01,2.086455181684792,3.6100947705061777,-1.5435343824370764,386,53
DE263,2026-06-01,2.6409939482626195,3.5771030878329384,-0.22633534920403187,993,74
DE264,2026-06-01,2.087375904297474,3.668623633922754,-1.5258445281115973,161,7
DE265,2026-06-01,2.3628059291005816,3.9591706206203554,-0.7903909572086723,207,15
DE266,2026-06-01,2.964521349774667,3.7017857458854646,0.5802291189399665,236,10
DE267,2026-06-01,3.012682475303502,3.483910143058257,0.6377288165587671,173,17
DE268,2026-06-01,2.9355217227731756,3.469161403864266,0.44933072511255034,375,15
DE269,2026-06-01,2.3739540541686432,3.969176421238639,-0.7610874277496776,210,3
DE26A,2026-06-01,2.3958772860293216,3.813317199033807,-0.7499125733291238,643,50
DE26B,2026-06-01,2.1891851577622212,3.8562247137970593,-1.2327691298396712,199,27
DE26C,2026-06-01,2.7501297438321273,3.8440767170787806,0.1052623514251344,322,37
DE271,2026-06-01,2.3096547928200084,3.6813091690841135,-0.9910077954593337,668,51
DE272,2026-06-01,2.1899491298510263,4.189078768746015,-1.1428600169486471,43,6
DE273,2026-06-01,2.9799873742665244,3.402701905349656,0.5380632642284543,36,3
DE274,2026-06-01,2.169703121166612,3.5039945070452894,-1.3725615257365436,100,4
DE275,2026-06-01,3.1516882920518965,3.8616549555357342,1.0700603398145416,327,30
DE276,2026-06-01,2.5527021070723515,3.770081605151329,-0.38637802732100374,283,18
DE277,2026-06-01,2.9703072968995263,3.7452407961593837,0.6055630159102467,98,13
DE278,2026-06-01,2.752645521171844,3.6900897416622445,0.07052847310811321,267,34
DE279,2026-06-01,2.2825425508765944,3.596313361052912,-1.0783267524721267,465,40
DE27A,2026-06-01,2.4729286596209565,3.813548476225143,-0.5656177355525388,63,3
DE27B,2026-06-01,3.4219284548964057,3.8759621845506094,1.7200039906203348,136,9
DE27C,2026-06-01,2.1514685110635425,3.8624373163255687,-1.3213074657657236,215,18
DE27D,2026-06-01,2.7515345076726425,3.682405902310197,0.06583862794234174,371,27
DE27E,2026-06-01,3.2640840849975405,3.747960108439031,1.3087174145504124,137,7
DE300,2026-06-01,2.35895011309153,3.7234544086913233,-0.8619874531006125,6259,727
DE401,2026-06-01,2.3378917006286284,3.7252726265222615,-0.9118580052848332,141,25
DE402,2026-06-01,1.9144764555276919,3.8830566512062896,-1.882510713935044,164,6
DE404,2026-06-01,2.7976478754144796,3.877141534418909,0.22763041628725428,670,39
DE405,2026-06-01,2.559962944851425,3.702752181274085,-0.38683423959924274,44,4
DE406,2026-06-01,2.6826611582616455,3.821228319774188,-0.062104684938855875,238,12
DE408,2026-06-01,2.5874869294936396,3.6927974521264155,-0.3236573320107233,205,28
DE409,2026-06-01,3.762153717741268,3.8134906964526984,2.5169676893206274,30,4
DE40A,2026-06-01,2.921844066191233,3.4737420351587542,0.41783893559811336,391,29
DE40B,2026-06-01,2.7575124688527626,3.9131472713890987,0.14119279618499694,35,6
DE40C,2026-06-01,3.085212056391282,3.3183953170082905,0.7673508078614499,151,64
DE40D,2026-06-01,2.8676515485091914,3.8510986003911363,0.38812096922952216,309,22
DE40E,2026-06-01,2.8310484077033506,4.047942250655867,0.35269134509356903,584,23
DE40F,2026-06-01,3.494476297122841,3.774048329766202,1.8665002268050808,199,8
DE40G,2026-06-01,2.4362626920875736,3.705821069364593,-0.6817955334985574,45,5
DE40H,2026-06-01,2.657386250043542,3.7472609832175774,-0.1421120468377969,167,16
DE40I,2026-06-01,2.3223925244663555,3.8382815365573157,-0.9190120070912797,180,25
DE501,2026-06-01,2.076005926579347,3.549721562986577,-1.584495492642398,1650,182
DE502,2026-06-01,2.1152292948040987,3.4787284112465584,-1.5094972418671857,184,22
DE600,2026-06-01,2.3656201025017163,3.572362533190659,-0.8860222816564071,3192,362
DE711,2026-06-01,2.9243082604894606,3.659626389200741,0.47292110315071584,404,31
DE712,2026-06-01,2.3739729683177195,3.322500462817114,-0.9321706036362657,545,110
DE713,2026-06-01,2.962333993947368,3.631732432718831,0.5564609929633906,174,15
DE714,2026-06-01,2.2758991853188437,3.7893916661498226,-1.0431174907917922,527,42
DE715,2026-06-01,3.1343921425584145,3.977503129805028,1.0593610342149566,1043,67
DE716,2026-06-01,2.863605571533533,3.7327286892369616,0.34712287603021263,377,40
DE717,2026-06-01,2.9884100778372242,3.7015356151753607,0.6372820547088357,606,56
DE718,2026-06-01,1.912445383001739,4.113181740060665,-1.826469625237432,36,5
DE719,2026-06-01,2.5500252703654525,3.715007980019402,-0.4073524851644059,909,68
DE71A,2026-06-01,2.9301011418130085,4.012005781501155,0.5800215321035002,45,2
DE71B,2026-06-01,2.535009364006337,3.6407543382347844,-0.4629058318204031,138,19
DE71C,2026-06-01,3.0599076703402805,3.6610036427792485,0.7975104411066288,184,11
DE71D,2026-06-01,2.1897377238894156,4.149049693067926,-1.1539583030587266,146,6
DE71E,2026-06-01,2.435784762379242,3.948045582944213,-0.6188389602237021,208,20
DE721,2026-06-01,2.9732764540086754,3.483282744468283,0.5433410485607905,361,23
DE722,2026-06-01,3.1448733546678658,3.8480940689465544,1.0501769014928404,409,28
DE723,2026-06-01,2.8384676283883588,3.633190049844844,0.26067612817431224,294,18
DE724,2026-06-01,3.009787324423526,4.053078417068306,0.7814240847917903,781,77
DE725,2026-06-01,2.29279644950156,3.655219418924172,-1.03822099775196,126,4
DE731,2026-06-01,2.932621955693732,3.610388915155194,0.47976995680107504,359,35
DE732,2026-06-01,2.8237729674753327,4.001083344287414,0.32289524187060314,245,5
DE733,2026-06-01,3.211830830639452,4.176480440611694,1.2971756747239787,125,12
DE734,2026-06-01,2.8268513227271184,4.103804177499922,0.3574385235874031,142,19
DE735,2026-06-01,1.7040826659366113,4.0637881546523955,-2.3377460739678635,193,3
DE736,2026-06-01,2.690966888374098,3.96669337277675,-0.0037511855593173704,259,30
DE737,2026-06-01,3.5588476334071046,4.238734573551568,2.1433841402500504,156,15
DE804,2026-06-01,2.641186248250958,3.964706626280594,-0.12330490015536727,314,21
DE80J,2026-06-01,2.4844330805419377,3.764567034086275,-0.5510719461601162,821,87
DE80K,2026-06-01,2.9962971781850176,3.8653487480049673,0.6994900006565596,1425,125
DE80L,2026-06-01,3.0060544400989886,3.775011169159274,0.698914265477043,474,29
DE80M,2026-06-01,2.7064222442962618,3.899730267553126,0.015483037380038997,456,39
DE80N,2026-06-01,2.802238022070905,3.812355435504066,0.22146148413149927,1160,90
DE80O,2026-06-01,3.068514970715415,4.106124714683141,0.935882306385392,233,10
DE911,2026-06-01,2.1687625205115384,3.8741692642221865,-1.2768520370992196,953,112
DE912,2026-06-01,2.3342351914852904,3.8522431342174497,-0.8870009799136539,253,90
DE913,2026-06-01,2.210279695866798,3.881655580495493,-1.175601335674768,1098,142
DE914,2026-06-01,2.4192190531139812,3.816199574846007,-0.6933385001046634,672,35
DE916,2026-06-01,2.3765623468843193,3.761962231460341,-0.8096854949419439,503,26
DE917,2026-06-01,2.832136178878931,3.9255965435706828,0.3229161910745109,341,40
DE918,2026-06-01,3.1613769744723847,3.804118828106301,1.0780008018002176,178,10
DE91A,2026-06-01,2.793450638466573,3.7223649918156974,0.1766364482529128,494,30
DE91B,2026-06-01,2.5708960746866794,3.7571841175939937,-0.34628838624340885,543,43
DE91C,2026-06-01,2.362315685711921,3.6188848800913633,-0.8816122014696159,1261,66
DE922,2026-06-01,2.8756992886546344,3.923081979472211,0.42641231221017417,552,42
DE923,2026-06-01,3.5698341031466496,3.673264827810028,2.0200143477724963,78,6
DE925,2026-06-01,2.802232582489585,3.829234787917197,0.22591522278846324,210,7
DE927,2026-06-01,3.252944451510498,3.912068377157225,1.3255096024022637,94,11
DE928,2026-06-01,2.4704157933040585,3.5029136214000918,-0.6538287239987284,80,3
DE929,2026-06-01,2.3331915503993566,3.5901508812942087,-0.9588532590794112,2928,240
DE933,2026-06-01,3.0656316645487096,3.523034528484278,0.7746863380594339,155,8
DE935,2026-06-01,2.7444369842342047,3.7262113468815454,0.06046023527128743,661,19
DE936,2026-06-01,2.492588106928861,3.9688396458954696,-0.4775166751536044,371,27
DE937,2026-06-01,2.7188890560073213,3.875786176521814,0.03895552839048951,219,14
DE938,2026-06-01,2.1930467034245282,3.69802765914794,-1.2653993134800232,59,3
DE939,2026-06-01,2.4480928970055227,3.2804862124608087,-0.766064333927547,632,18
DE93A,2026-06-01,3.0592352411221464,3.287535982361649,0.6970727249085196,190,7
DE93B,2026-06-01,2.9584072803555017,3.9113006470931406,0.6210535331617208,534,38
DE941,2026-06-01,2.3034184800260444,3.9536288007114604,-0.9338557969980963,586,57
DE942,2026-06-01,2.0558874318625167,4.0213403459361325,-1.5077963910327599,144,57
DE943,2026-06-01,2.6192147189620116,3.6168005162115042,-0.2679055199417557,639,48
DE944,2026-06-01,2.3426432951644447,3.7585483455839666,-0.8916910298455816,1991,370
DE945,2026-06-01,2.385909902002929,3.5868279564617502,-0.833680417757999,438,47
DE946,2026-06-01,2.6900759002580354,4.02490897701043,0.009523881965896997,182,10
DE947,2026-06-01,2.2477947706706276,3.518706453385048,-1.1819473501125572,297,23
DE948,2026-06-01,2.904351978685821,3.68676094956119,0.43238520637633093,304,19
DE949,2026-06-01,2.4310318509657285,3.8260515359194454,-0.6624864154415565,965,81
DE94A,2026-06-01,2.3486532812524117,3.8177320999254327,-0.8616591931746502,550,46
DE94B,2026-06-01,2.5249997437717795,3.9531874792776827,-0.4041608500611536,957,63
DE94C,2026-06-01,2.099375628316531,3.7340249312390714,-1.4798455981809124,117,14
DE94D,2026-06-01,2.517898997404772,3.7534493940517693,-0.47399532398563055,566,57
DE94E,2026-06-01,2.708061330737835,3.7944491386715637,-0.00845813379264015,926,66
DE94F,2026-06-01,2.540411270306029,3.524837658897542,-0.4806643768147338,255,27
DE94G,2026-06-01,2.696985098084971,3.808719273325107,-0.031165678934224318,307,21
DE94H,2026-06-01,2.889456579261067,3.7364042669614266,0.40990657065285085,49,5
DEA11,2026-06-01,2.647441803653153,3.6262968884913978,-0.19790016434402552,1986,89
DEA12,2026-06-01,2.6131847980975813,3.5770489314965603,-0.2928427304201093,788,50
DEA13,2026-06-01,2.651887686742947,3.745884395372758,-0.15562366628587268,632,51
DEA14,2026-06-01,2.8262769469751374,3.384150172162519,0.1656247462971059,779,47
DEA15,2026-06-01,2.601837272280753,3.6631178758182843,-0.29719899381226994,497,15
DEA16,2026-06-01,2.8575379602650877,3.9803151415567566,0.3981331626974204,77,5
DEA17,2026-06-01,2.9520500558169083,3.9352651263025336,0.61219476176106,537,54
DEA18,2026-06-01,3.2533740549696835,3.107507270340151,1.1136276141454284,114,5
DEA19,2026-06-01,2.9465219325435026,3.172622289467521,0.3971602922304017,248,5
DEA1A,2026-06-01,2.7409720908498247,3.3441331806903256,-0.04893297923351267,475,25
DEA1B,2026-06-01,3.0524625989959087,3.5748011928273664,0.7568973483017196,1355,56
DEA1C,2026-06-01,3.1932395094297594,3.6178573025424168,1.104895727280994,1205,52
DEA1D,2026-06-01,3.1542542118190813,3.6090158731384436,1.0093402699165326,1221,83
DEA1E,2026-06-01,3.1617565277893958,3.558947443118756,1.0140291817853826,835,27
DEA1F,2026-06-01,2.966790163196706,3.7244547254836493,0.591652804708875,1776,70
DEA22,2026-06-01,2.3560807830077426,3.409682450522525,-0.9518809285821132,1313,70
DEA23,2026-06-01,2.8339952835948683,3.6932029777840607,0.2658636169245929,2276,125
DEA24,2026-06-01,2.9137589357828704,3.655403831967595,0.44657974155162283,807,44
DEA26,2026-06-01,3.058125146666091,3.660434063850188,0.7930976126772855,607,36
DEA27,2026-06-01,2.9012751024403745,3.4855306139858717,0.3717771135763797,300,16
DEA28,2026-06-01,2.990586316266916,3.6578122979638055,0.6309151453213916,478,23
DEA29,2026-06-01,3.230747038396713,3.7796811314935357,1.2374011543155483,517,24
DEA2A,2026-06-01,3.2471908999607098,3.9812093611394967,1.3300491994786439,467,19
DEA2B,2026-06-01,3.0294633917563925,3.783283884805956,0.757075413803913,450,31
DEA2C,2026-06-01,2.601182423103754,3.368485875355847,-0.3767325723540926,793,49
DEA2D,2026-06-01,2.8278184728610025,3.652388932565789,0.2402940289949089,916,80
DEA31,2026-06-01,2.889428187700707,3.7966499353069607,0.42578136038492054,238,17
DEA32,2026-06-01,2.1549627943376497,3.382924619234096,-1.4398448257509615,477,23
DEA33,2026-06-01,2.4811889542139665,3.829626412521779,-0.5416122956528447,637,38
DEA34,2026-06-01,2.360120598293392,3.398249541544475,-0.94524699585923,155,12
DEA35,2026-06-01,2.965045310990975,4.024437522116465,0.6668645479846042,185,18
DEA36,2026-06-01,2.362614439748944,3.607710564712841,-0.8838548997080129,320,18
DEA37,2026-06-01,3.245322467197988,3.8175285524663853,1.2822672012874758,246,22
DEA38,2026-06-01,2.232444366177901,3.402417465956209,-1.2494242170311387,60,5
DEA41,2026-06-01,3.066643685816152,3.6928312050977588,0.8220390424573317,332,24
DEA42,2026-06-01,3.285576103002989,3.803369827542644,1.3747688388733843,297,22
DEA43,2026-06-01,2.3155251319088848,3.7043377883996658,-0.9708775135004146,241,87
DEA44,2026-06-01,3.0985561214638095,3.798803520136294,0.9263864651687741,71,7
DEA45,2026-06-01,3.1025976964645876,3.997893504324784,0.988734803923217,677,37
DEA46,2026-06-01,3.3599702025725304,3.5896424879679074,1.4960906171183892,397,22
DEA47,2026-06-01,3.139714288219624,3.820495648752774,1.0305380114057345,185,20
DEA51,2026-06-01,2.31121448629334,3.735256258160674,-0.9730025948950246,728,56
DEA52,2026-06-01,2.616477270273559,3.627655019615423,-0.2715784920441088,836,31
DEA53,2026-06-01,2.651271084746895,3.698337690073059,-0.16968016947740852,483,32
DEA54,2026-06-01,2.110308680725151,3.3890372538683815,-1.5449974415907994,209,26
DEA55,2026-06-01,2.728131898166891,3.402560171018533,-0.06417311068950844,272,17
DEA56,2026-06-01,2.6488852189434615,3.507477993055163,-0.22589166352655482,776,67
DEA57,2026-06-01,2.7881462367602396,3.6396379179842464,0.14206148310309352,790,69
DEA58,2026-06-01,2.982248333014925,3.934477944539476,0.6841920221712928,984,56
DEA59,2026-06-01,2.5021604120279193,3.398914006703806,-0.6054469580863808,208,14
DEA5A,2026-06-01,2.591918912852281,3.6810197437573713,-0.31617694956385595,653,55
DEA5B,2026-06-01,2.3601027018602085,3.5878774794536588,-0.8951089735372582,195,13
DEA5C,2026-06-01,2.8167857207979026,3.511086985908994,0.17652175904384315,248,14
DEB11,2026-06-01,2.578444807294816,3.4260943473696317,-0.4158545334273195,276,16
DEB12,2026-06-01,2.595042769069226,3.6811156932190054,-0.30868226435101725,762,38
DEB13,2026-06-01,3.4752056411175953,4.211252697899206,1.9361195436158165,46,2
DEB14,2026-06-01,3.1963028218717997,3.8466454296343504,1.1727639445809852,213,6
DEB17,2026-06-01,2.469309540939771,3.6642966510279438,-0.6137674007826813,810,38
DEB18,2026-06-01,2.0582080920334502,3.928537869086775,-1.5268056882481011,186,6
DEB1A,2026-06-01,3.7221564706821613,3.752554313693771,2.405206840876363,175,4
DEB1B,2026-06-01,2.8921131633231383,3.616800649855031,0.3846081587266383,73,3
DEB21,2026-06-01,2.4004204113911034,3.6100118044677107,-0.7928499845516731,466,38
DEB22,2026-06-01,3.3495702909094667,3.265033585176069,1.3853233933593507,175,12
DEB23,2026-06-01,2.5455214474765153,3.745723807854128,-0.40999308762563724,155,51
DEB24,2026-06-01,3.2287960822581354,3.451518163808914,1.1458952958481425,131,5
DEB25,2026-06-01,2.6980299104738745,3.583384564070589,-0.08829729692379744,298,16
DEB32,2026-06-01,3.075387895038971,3.6277395923301397,0.8257218313873288,716,25
DEB34,2026-06-01,3.045098427672953,3.5286566512466178,0.7270781253962048,170,9
DEB35,2026-06-01,2.5764645482931336,3.6947022671785277,-0.3495083223140191,778,41
DEB37,2026-06-01,2.4214422684653725,3.718686759958344,-0.7138272788234884,52,5
DEB39,2026-06-01,4.151066479590471,3.6296674633796955,3.3982325614183715,114,4
DEB3A,2026-06-01,2.3931076308089723,3.614413048745499,-0.8091705123353127,127,13
DEB3B,2026-06-01,2.017464822403678,3.941188445135725,-1.6208771624997196,240,39
DEB3C,2026-06-01,2.091463484629665,3.5515222715699997,-1.5470591913283596,111,5
DEB3E,2026-06-01,2.5619819133184554,4.031212228148617,-0.29508714490319043,122,3
DEB3F,2026-06-01,2.915149485815985,3.853138906400082,0.5022308021127304,181,7
DEB3G,2026-06-01,1.5441277233103368,4.141230954099052,-2.699712719431723,29,4
DEB3I,2026-06-01,3.4242139236857034,3.1996626336506306,1.5465010342208845,68,4
DEB3J,2026-06-01,1.5814296158541061,3.778081034406554,-2.706621598458366,353,73
DEB3K,2026-06-01,2.136166419037826,3.7299048465545313,-1.3929672912936342,106,9
DEC01,2026-06-01,2.285239463405302,3.640956481606139,-1.0600644932530858,761,45
DEC02,2026-06-01,2.9470947163532584,3.7516861935609955,0.5517662216626039,184,8
DEC03,2026-06-01,3.1407071660196126,3.5874414619769004,0.9712394273238035,143,6
DEC04,2026-06-01,2.47635953684044,3.6058577173934334,-0.6123750760097191,363,15
DEC05,2026-06-01,3.1801643537629594,3.76269034289638,1.1119592259021613,192,14
DEC06,2026-06-01,3.478070315902743,3.9105641140799277,1.8633985804998936,159,5
DED21,2026-06-01,2.988210691644204,3.850642621808754,0.6762631633973878,1733,162
DED2C,2026-06-01,2.9562724536111555,3.7141611876186884,0.5637804865099955,526,65
DED2D,2026-06-01,2.6708522759356446,3.7870351085225966,-0.09938877752912906,671,71
DED2E,2026-06-01,3.077394670512381,3.9433557426738135,0.9140409206595901,559,42
DED2F,2026-06-01,3.02607698351768,3.926081917282147,0.7867666659528262,371,31
DED41,2026-06-01,2.2651072159350623,3.6561175844635727,-1.1041896416747146,390,33
DED42,2026-06-01,2.556565000321242,3.5077304279156944,-0.4465670593961701,441,26
DED43,2026-06-01,2.622150965941119,3.8493272561045337,-0.19935178175756602,724,83
DED44,2026-06-01,2.671019103443075,3.9838904551699814,-0.04689649827643655,344,29
DED45,2026-06-01,2.1823844590389716,3.7264153382963925,-1.283381098288251,612,92
DED51,2026-06-01,2.683218479103654,3.780750685533829,-0.07148360837884567,2097,153
DED52,2026-06-01,2.9780241617589622,3.781569688338475,0.6336280532950659,403,36
DED53,2026-06-01,2.663310588728322,3.7431338731177006,-0.12903880861710562,511,56
DEE01,2026-06-01,2.7770517089408635,3.8096692898455817,0.16052893825902861,52,7
DEE02,2026-06-01,3.3630697102156675,3.150138960160416,1.3871968653665747,105,5
DEE03,2026-06-01,2.5270560987552417,3.5241690844013815,-0.5127741742014301,499,6
DEE04,2026-06-01,2.472933091756944,3.586784100982783,-0.6256152833379741,153,16
DEE08,2026-06-01,3.186258014445981,3.7718601746367715,1.1289560611068616,80,4
DEE09,2026-06-01,3.0286906779739655,3.8568775066286816,0.77470273121108,82,7
DEE0B,2026-06-01,1.316852393458049,3.6209073446721423,-3.3808313086036756,50,16
DEE0C,2026-06-01,3.0269943575572436,2.933221428064426,0.5262217202883359,79,11
DEE0D,2026-06-01,3.3832814894773877,3.641958420780149,1.5656733014399649,123,5
DEF01,2026-06-01,2.2305022978433002,3.4758877724085284,-1.2346255167140938,405,19
DEF02,2026-06-01,2.548246942668085,3.700268554124772,-0.4155050154540687,1108,82
DEF03,2026-06-01,2.5344213121557924,3.8134088953820147,-0.41862270670284085,672,39
DEF04,2026-06-01,2.2912396251154368,3.5328029189687302,-1.074338243981876,254,22
DEF05,2026-06-01,2.3135930224147048,4.069029390364437,-0.8789897664099212,647,25
DEF06,2026-06-01,2.9141433300355057,3.6379970959971257,0.44289254188718646,244,7
DEF07,2026-06-01,2.375103259403438,3.2742805690352825,-0.9422283436401323,312,27
DEF08,2026-06-01,2.400081039660432,3.780112675735514,-0.748648029134839,404,22
DEF09,2026-06-01,2.356199144863971,3.6238999301600674,-0.8949100309927643,824,55
DEF0A,2026-06-01,2.4768713808192953,3.5953908352733106,-0.6139210592170498,146,11
DEF0B,2026-06-01,2.602466139619601,3.675444379652048,-0.2924334060694407,737,56
DEF0C,2026-06-01,2.624349082643376,3.292787572451678,-0.34137181770880515,260,24
DEF0D,2026-06-01,2.575808578240902,3.7883903094836606,-0.3262843237115799,526,17
DEF0E,2026-06-01,2.6511659093013047,3.859311378812952,-0.12733354491893423,378,23
DEF0F,2026-06-01,2.742679576885144,3.591659765434098,0.02065210603241878,389,17
DEG01,2026-06-01,2.172285019474008,3.748086811872665,-1.3017944833404889,754,71
DEG02,2026-06-01,2.2867030007668654,3.891356842928556,-0.9903022202854497,408,23
DEG03,2026-06-01,2.9014393657758117,4.009657987903435,0.5108685203086408,643,39
DEG04,2026-06-01,1.7587263841773224,3.801956186147582,-2.2763782512934565,295,11
DEG05,2026-06-01,2.2456558436788496,3.817823683635427,-1.1079069119709009,188,7
DEG07,2026-06-01,1.9396420247731405,3.7821281681654613,-1.8490470732440534,295,23
DEG09,2026-06-01,2.6051223570263873,3.77752001533768,-0.2590702139318052,132,5
DEG0A,2026-06-01,1.5158105040440408,4.010394081424075,-2.8020436542283202,52,3
DEG0B,2026-06-01,2.912877989912255,3.8293396998645757,0.49050161299213124,936,65
DEG0C,2026-06-01,3.1761194638417116,3.6313107810308667,1.0675210173740566,191,27
DEG0E,2026-06-01,2.832240305516888,3.749295467819745,0.2765110069054925,284,24
DEG0F,2026-06-01,2.8336012406307622,3.818459663043606,0.298067834910516,402,23
DEG0H,2026-06-01,2.964224882579581,3.939979519821859,0.6425529324940251,353,33
DEG0I,2026-06-01,2.609916501449814,3.9813086099573862,-0.1936790618789608,450,38
DEG0J,2026-06-01,3.4526946464559813,4.128927181814977,1.8605090291821829,100,7
DEG0K,2026-06-01,3.4333797215207325,4.017571454254125,1.7848582757385802,167,7
DEG0L,2026-06-01,2.11817151196737,3.576119497434899,-1.476689871971918,162,19
DEG0M,2026-06-01,3.0277862907724904,3.6449109525097265,0.7164480655883363,207,7
DEG0P,2026-06-01,2.873610392674084,3.954057615079756,0.42961467146694543,350,31
DE111,2026-07-01,2.414495604773808,3.397108472229733,-1.4129977568546481,1027,92
DE112,2026-07-01,2.1467206245202224,3.174703979861068,-2.017668341295801,250,20
DE115,2026-07-01,2.961214470127892,3.576363196822724,-0.12384896009300271,585,31
DE116,2026-07-01,2.38328915652829,3.625894152709183,-1.5340553134603967,213,8
DE117,2026-07-01,2.6579784381053027,3.463426679955574,-0.8361875711162816,247,15
DE118,2026-07-01,2.550194540274383,3.5073569266171396,-1.1060837167356818,266,89
DE119,2026-07-01,2.667225884080216,3.9903416648650487,-0.9184358007441886,60,2
DE11A,2026-07-01,2.39360273966417,3.69066240276548,-1.521928759444678,118,8
DE11B,2026-07-01,3.518487360091985,4.1065801274451035,1.1211652550199915,468,36
DE11C,2026-07-01,2.193272468447658,3.786568806238172,-2.0263971417371573,164,30
DE11D,2026-07-01,2.661718780878998,3.8599577257996738,-0.9058832259760708,834,134
DE122,2026-07-01,2.288902312683757,3.074607208850593,-1.653267270174687,1120,90
DE123,2026-07-01,3.2087585331788433,3.6268275773907095,0.465950857126408,609,51
DE124,2026-07-01,2.9239454526769424,3.6666202491328908,-0.2320821939549768,409,57
DE125,2026-07-01,2.8834993087168064,3.728494400762523,-0.3423765081363601,687,48
DE126,2026-07-01,3.2560323826851345,3.7524762781274172,0.5555436308601568,999,83
DE127,2026-07-01,3.458062688262198,3.890492609590794,1.0176697037674294,460,47
DE128,2026-07-01,2.7716879677265003,3.7421256266242424,-0.6160135538306307,1562,90
DE129,2026-07-01,2.6578310062564316,3.775724573525203,-0.8985733165008226,155,26
DE12A,2026-07-01,3.1882020996404967,3.599247634287142,0.42161856382306073,105,10
DE12B,2026-07-01,2.873084919894181,3.8049943774692796,-0.3828059722732986,77,6
DE12C,2026-07-01,3.239515631580942,3.4144888150535797,0.5826529144949666,63,6
DE131,2026-07-01,2.269352437308922,3.664811367812483,-1.81786464947936,856,65
DE132,2026-07-01,2.918316872321791,3.6940259911587288,-0.2511641040273659,712,51
DE133,2026-07-01,2.3226753715336876,3.3767452403329914,-1.6314424608762856,518,68
DE134,2026-07-01,2.902385640644367,3.5399058475590355,-0.2591557164982722,1909,144
DE135,2026-07-01,3.165319778466781,3.791373420006092,0.32801254257117746,122,10
DE136,2026-07-01,2.267773800397272,3.6870651435541864,-1.8261098758520922,205,14
DE137,2026-07-01,3.2289093038031806,3.6700497160835783,0.5061933425437621,208,14
DE138,2026-07-01,2.1953021731082143,3.8680349654143513,-2.037659753905671,602,34
DE139,2026-07-01,2.703947738873284,3.53231400438442,-0.7384819185447041,909,73
DE13A,2026-07-01,2.6204076162616703,3.67149274827645,-0.9685512936201734,390,32
DE142,2026-07-01,2.173809575318073,3.80787937131228,-2.077790298110496,85,11
DE143,2026-07-01,3.2798254854018944,3.9039360776833156,0.5831137084624147,77,6
DE144,2026-07-01,2.1939323962594712,3.8846504789154275,-2.044279022516871,24,6
DE145,2026-07-01,3.9745005700908083,3.5777522863778644,2.3311646625764655,120,13
DE146,2026-07-01,2.7948658582133117,3.5744362624723496,-0.526544893682888,487,27
DE147,2026-07-01,2.532622834778965,3.740108212668293,-1.1948906296136454,542,84
DE148,2026-07-01,3.4054482417857965,3.804434115386651,0.9072727570655279,406,45
DE149,2026-07-01,2.989723770481425,3.614631729848535,-0.06236907098439609,280,27
DE211,2026-07-01,3.0013568157349955,3.760161567693191,-0.06308617328616646,838,79
DE212,2026-07-01,2.9833937829997828,3.655296834521507,-0.08578412808183594,4507,234
DE213,2026-07-01,2.9384429667826213,3.8638664263867293,-0.23613029531161336,524,25
DE214,2026-07-01,3.264182559448442,3.941111405007905,0.5378256455703705,420,24
DE215,2026-07-01,3.815874061915287,3.7734892649546516,1.9079201871677098,141,7
DE216,2026-07-01,2.943196507909142,3.7275833209532414,-0.19754350357307782,404,19
DE217,2026-07-01,3.237452054957973,3.5718641646703686,0.5463948305265159,152,5
DE218,2026-07-01,3.9488931143105273,3.5532226268492395,2.273987411035522,196,7
DE219,2026-07-01,3.716171791979433,3.6945932931071543,1.682002304703913,693,24
DE21A,2026-07-01,3.2928699810235478,3.762984301669456,0.6427175688987667,243,12
DE21B,2026-07-01,3.3800698003210927,3.7352119115234843,0.8595272475090814,322,30
DE21C,2026-07-01,3.727281211710523,3.769304244599047,1.6940824311561438,290,9
DE21D,2026-07-01,3.7529317049766058,3.9193614712669436,1.72643172298031,221,6
DE21E,2026-07-01,3.107882805649798,3.9296994912037015,0.16136296362615213,164,13
DE21F,2026-07-01,3.063617500468972,3.959422477983072,0.04820030874398192,488,54
DE21G,2026-07-01,3.2806920098989267,3.786675274556599,0.6085036822847592,397,19
DE21H,2026-07-01,3.28189277343162,3.5760068534090115,0.6532561394423877,528,22
DE21I,2026-07-01,3.2344274350912983,3.8067971016022324,0.4924035842689543,371,34
DE21J,2026-07-01,2.712084199489667,3.6333060655777443,-0.7388255027889523,328,14
DE21K,2026-07-01,2.867052011273661,3.421859014781273,-0.32132607074654224,854,32
DE21L,2026-07-01,3.303999068411924,3.741511216159702,0.6739493934445632,227,5
DE21M,2026-07-01,3.2176345487479723,3.885406856324451,0.43609936472205124,582,26
DE21N,2026-07-01,3.724590679110307,3.500906831520736,1.7408720173100483,689,15
DE221,2026-07-01,2.7391725045397153,3.5213001825337367,-0.6509413671649208,353,23
DE222,2026-07-01,2.991805115766125,3.6211353623107057,-0.05861752081268665,1124,69
DE223,2026-07-01,3.1111053409897873,3.669316632528079,0.22088863308161075,310,14
DE224,2026-07-01,3.214773512835884,3.737894091092733,0.45846573638796806,801,29
DE225,2026-07-01,3.130561444256102,3.689559729509309,0.2640119624133484,433,19
DE226,2026-07-01,3.0756988743186646,3.5848806002877014,0.15186602102480362,226,11
DE227,2026-07-01,3.462448025345525,3.6530348708045297,1.075459573812155,126,3
DE228,2026-07-01,3.0565200361838265,3.764047640391542,0.06980775655942452,663,27
DE229,2026-07-01,3.060997753606264,3.71346275122278,0.09070484973584053,491,14
DE22A,2026-07-01,3.382677792813118,3.7110338239350686,0.8706489074787599,457,26
DE22B,2026-07-01,3.19047661017664,3.7371100798053614,0.39974772814397386,368,17
DE22C,2026-07-01,3.0714370523033447,3.70772253449655,0.11714039287378421,581,38
DE232,2026-07-01,3.1733314565266943,3.322422495853076,0.4405684845913595,1198,62
DE234,2026-07-01,3.083178763271339,3.5934925848083834,0.16828000072537475,340,23
DE235,2026-07-01,2.7412577184335785,3.7643115827797127,-0.6941555372372945,721,46
DE236,2026-07-01,3.5870204565445025,3.6072021073416285,1.3864138251921412,505,36
DE237,2026-07-01,2.9716837746664924,3.979264528953161,-0.17850495857909293,379,14
DE238,2026-07-01,2.634396364185314,3.57641751116618,-0.9157714020964273,499,13
DE239,2026-07-01,2.7819538257710006,3.401147011678713,-0.5234133347802834,948,67
DE23A,2026-07-01,3.427048138501462,3.929601143774367,0.9347507473932722,547,51
DE241,2026-07-01,2.9294778712222573,3.649443350246838,-0.2152649426077704,567,23
DE242,2026-07-01,2.851257469888137,3.88458351154509,-0.4515039470315153,1043,64
DE243,2026-07-01,2.701620535618732,3.563810407675317,-0.7503767606618544,472,50
DE244,2026-07-01,3.2413515984450214,3.7234621018351777,0.5257334669476195,1196,133
DE245,2026-07-01,3.796127402569988,3.335478439196041,1.9470697000383397,147,3
DE246,2026-07-01,3.5434499785582143,3.8903589191954144,1.2245978611937869,570,38
DE247,2026-07-01,3.1088732041178324,3.6326690886769395,0.2227588740784134,113,8
DE248,2026-07-01,3.2041110304538822,3.563164031331081,0.4673343441030661,238,20
DE249,2026-07-01,3.2550180015739483,3.7553898190648254,0.5525070014866957,491,27
DE24A,2026-07-01,3.260382920571625,3.61382996084721,0.5936232874006501,332,41
DE24B,2026-07-01,3.6192977860595104,3.671336219022977,1.4518865981535491,484,27
DE24C,2026-07-01,3.2232248584179057,3.814777208637606,0.46367365903002605,163,10
DE24D,2026-07-01,3.437580063917209,3.9323558466052413,0.9597234758652986,407,25
DE251,2026-07-01,3.017506054256997,3.578929086284698,0.012041317659195425,273,15
DE252,2026-07-01,3.062506528787118,3.6159011735603035,0.11373840502210268,592,47
DE253,2026-07-01,2.7459878813594263,3.5755238746011297,-0.6451969463717837,629,22
DE254,2026-07-01,2.96246392653779,3.4569845117905005,-0.09711045247354103,2706,186
DE255,2026-07-01,2.9733480975116904,3.715531566594037,-0.12208959114868395,198,14
DE256,2026-07-01,2.926858976542633,3.6072281468126604,-0.21322600622171453,366,23
DE257,2026-07-01,3.221324783286984,3.7561565962671133,0.47071280108087343,332,18
DE258,2026-07-01,3.440126018761199,3.7165743845674077,1.008751011227843,192,16
DE259,2026-07-01,2.9682157690555218,3.5723057958727877,-0.10607826084807888,498,20
DE25A,2026-07-01,2.928134644061146,3.393569917068016,-0.16769821472347018,185,15
DE25B,2026-07-01,3.3365366222051267,3.709946943966207,0.7590602960292813,535,17
DE25C,2026-07-01,3.3932903966943972,3.711867663757215,0.8961986487926631,484,36
DE261,2026-07-01,2.3154104317957214,3.5969644996163406,-1.692785983601963,225,10
DE262,2026-07-01,3.0403512616736386,3.604796532403479,0.06225966543618537,552,43
DE263,2026-07-01,2.4727731462720035,3.5064940206206057,-1.2935117988560905,1252,108
DE264,2026-07-01,1.9637849486439958,3.378186095489223,-2.50135460093095,186,6
DE265,2026-07-01,3.029079945680958,3.588462895862896,0.03819236589639799,332,16
DE266,2026-07-01,3.9416613758822345,3.8198655018153684,2.203503695149123,267,7
DE267,2026-07-01,3.2243920646041397,3.746281871064145,0.48010643289344684,256,14
DE268,2026-07-01,2.8467730299011382,3.6334606644474614,-0.41249223929504636,367,19
DE269,2026-07-01,2.843406089807039,3.6481589626366557,-0.4235700295633817,243,24
DE26A,2026-07-01,3.209085763272301,3.5792045879605157,0.4762026294033227,750,47
DE26B,2026-07-01,2.6210384218317615,3.695696075666992,-0.9718300479939443,224,14
DE26C,2026-07-01,2.7965722905147534,3.676540224061671,-0.5426898992786767,416,24
DE271,2026-07-01,2.363686428732765,3.5147124373492287,-1.5594717299390637,739,64
DE273,2026-07-01,3.0744002201668605,3.544966254800155,0.15664703134780764,55,3
DE275,2026-07-01,2.7934283283412786,3.6215978591004876,-0.5393953872571599,347,19
DE276,2026-07-01,2.6629977695985096,3.752682344127328,-0.8814771128264285,353,22
DE277,2026-07-01,3.169795928440268,3.676498889419578,0.3616750248859026,126,24
DE278,2026-07-01,2.7296769881035794,3.6688480416833142,-0.7032558220772606,281,30
DE279,2026-07-01,2.638654232313895,3.6474393025112835,-0.9195605033493729,605,43
DE27A,2026-07-01,2.5318502200760786,3.355644941271485,-1.1204007820069548,109,3
DE27C,2026-07-01,2.94805348374656,3.6594576874974853,-0.172243494035837,268,29
DE27D,2026-07-01,2.7644811945326175,3.6155018774714884,-0.6083262903402772,501,50
DE27E,2026-07-01,3.2147093024311415,3.8950890723927847,0.42708813345483815,138,7
DE300,2026-07-01,2.7948771388575335,3.5774564731779623,-0.5271174328455501,7114,507
DE401,2026-07-01,3.45003804718828,3.647336125968009,1.0465208878484267,132,18
DE402,2026-07-01,1.9805907161393532,3.423161907511017,-2.4695656933201136,245,7
DE404,2026-07-01,2.3362620162714904,3.87214721709764,-1.6969172920135978,566,38
DE405,2026-07-01,4.159021787769294,3.593229765177684,2.775203160359365,39,2
DE406,2026-07-01,2.6656072027609583,3.94123885263682,-0.9126052367681261,249,31
DE408,2026-07-01,3.287159194616803,3.7046830111299642,0.6404595680006174,222,13
DE40A,2026-07-01,3.374573221455734,3.5941315947421004,0.8742298347416024,342,14
DE40B,2026-07-01,3.1040863432062795,4.214438701813315,0.09560896315773257,39,4
DE40C,2026-07-01,3.052685121888751,3.459695260984486,0.12096575944086874,89,42
DE40D,2026-07-01,3.4430214988083314,3.7792704756992257,1.003314360637398,376,25
DE40E,2026-07-01,3.2372805482881426,4.098114627090236,0.44145556140141157,576,34
DE40F,2026-07-01,3.3704333659921533,4.0999527390046575,0.7637325398046566,187,12
DE40G,2026-07-01,2.991972343171518,3.7472518470264857,-0.08326152704206412,74,18
DE40H,2026-07-01,3.0386370735601416,3.507516138181789,0.07742782260670648,259,19
DE40I,2026-07-01,2.4879989966745386,3.7171389528879946,-1.2984563276943395,203,40
DE501,2026-07-01,2.6950153889439505,3.527004750479866,-0.7590713379250098,1421,153
DE502,2026-07-01,2.9593688935224987,3.616578532408482,-0.13630852602548155,143,21
DE600,2026-07-01,2.8476365013658818,3.6067128198369707,-0.40508731700993367,2750,390
DE711,2026-07-01,2.8274145209106303,3.6324377003776678,-0.4591965847376279,428,41
DE712,2026-07-01,3.0919309412033167,3.430185302783812,0.2219234063967028,475,61
DE713,2026-07-01,3.3565799140125265,3.468676821953249,0.8555481082488208,200,16
DE714,2026-07-01,3.014482178230239,3.6503896149032893,-0.009479290778681971,549,59
DE715,2026-07-01,3.225818816033972,3.990042604475378,0.4351479127361472,957,79
DE716,2026-07-01,3.174402704956503,3.5013276501023296,0.40763014011142285,415,37
DE717,2026-07-01,3.09126268584993,3.8240870485485203,0.14206752563809094,636,52
DE719,2026-07-01,2.9173937640013237,3.5925481396560057,-0.23324538698268577,869,63
DE71A,2026-07-01,3.181549869109057,3.7496588181225996,0.37562495109266525,141,5
DE71B,2026-07-01,3.273636538473858,3.66835239764875,0.614908848002775,146,9
DE71C,2026-07-01,2.661727505038698,3.649059863885001,-0.86397362323841,219,12
DE71D,2026-07-01,3.616247569384411,3.6647707199401367,1.4457996674925957,153,12
DE71E,2026-07-01,2.534127491886546,3.6306543977041854,-1.1695050205928146,193,14
DE721,2026-07-01,3.6867692505330423,3.5370574349025614,1.6420468431513908,381,26
DE722,2026-07-01,3.255076659871782,4.095802158043342,0.4850365505120095,370,30
DE723,2026-07-01,3.073502860735211,3.5051547029286096,0.1623800004790745,223,15
DE724,2026-07-01,3.2886686215223286,3.9493090246424583,0.5955295168137972,805,63
DE725,2026-07-01,2.4338185829543937,3.3571481683125888,-1.3582394229058916,130,9
DE731,2026-07-01,2.7190550811529266,3.4712012427087395,-0.6897371810674653,421,54
DE732,2026-07-01,3.0509833504073574,3.6790897657868893,0.07326614007697167,223,8
DE733,2026-07-01,3.030101519556366,3.7236665788694308,0.013813626899101528,125,11
DE734,2026-07-01,2.6353089200312176,3.2676285187203593,-0.8522286245697569,164,21
DE735,2026-07-01,3.4239991551781412,3.7364362932139654,0.9657291064534245,152,12
DE736,2026-07-01,2.9241403436134945,4.020426203656751,-0.3018827756334953,182,23
DE737,2026-07-01,3.268054551604465,4.040711698244337,0.5274252772311359,156,10
DE804,2026-07-01,3.2614612113609787,3.48861962185475,0.6211053254569563,303,28
DE80J,2026-07-01,3.292504656516544,3.855751514646784,0.6234069595183382,675,63
DE80K,2026-07-01,2.775269935722294,3.8721163162492287,-0.6331528089935271,1385,107
DE80L,2026-07-01,3.352332867987243,3.8172331109007014,0.7760269735978175,490,52
DE80M,2026-07-01,3.178189337815964,3.8186969269069877,0.3537697348390154,504,69
DE80N,2026-07-01,3.245503145436882,3.8263724034527775,0.5153530540555807,1197,110
DE80O,2026-07-01,2.9953762279100693,3.3532450038601684,0.003243920822454373,520,7
DE911,2026-07-01,2.9112290066065722,3.6760223409384567,-0.26476280425791776,755,89
DE912,2026-07-01,2.6556652661425746,3.306617393193346,-0.8106472004737132,347,111
DE913,2026-07-01,2.3841713313469577,3.9212687187234176,-1.5905849173231705,1126,244
DE914,2026-07-01,2.7936823830964146,3.543493114068251,-0.5232666496819522,643,42
DE916,2026-07-01,2.8175123573521272,3.6767058893666684,-0.491983010904845,492,49
DE917,2026-07-01,3.392053553945466,3.9750658908839003,0.8409253156193959,336,29
DE918,2026-07-01,2.7482694843093567,3.5206871911298045,-0.6287767594771608,226,25
DE91A,2026-07-01,3.194281753359352,3.657766771235787,0.4247270970583232,397,23
DE91B,2026-07-01,3.2653885711552726,3.7888451996060364,0.5709909908711003,562,57
DE91C,2026-07-01,2.759682795476094,3.4802573593723167,-0.593091050782008,977,57
DE922,2026-07-01,3.167589016027029,3.5937604279861177,0.37276094990452185,663,42
DE925,2026-07-01,3.02406516842934,3.401625304757122,0.06315069932812542,220,8
DE927,2026-07-01,3.0436377876113156,3.7284485860451215,0.045663503568964627,97,7
DE928,2026-07-01,3.809774717753905,3.4324970844354974,1.9608686441593826,74,5
DE929,2026-07-01,2.608788780693294,3.7263010120275757,-1.0075908470616428,2980,222
DE931,2026-07-01,3.6624973372283556,3.979789900986193,1.4952982911396955,95,14
DE932,2026-07-01,3.019658401375889,3.3503989300057517,0.06264724512111673,180,7
DE933,2026-07-01,3.2613402612694324,3.4865458193508045,0.6212241497349444,154,6
DE934,2026-07-01,2.2691824934695486,3.822934053762179,-1.8496827150671546,164,15
DE935,2026-07-01,2.598221831884478,3.5883960545778097,-1.005804941910646,598,32
DE936,2026-07-01,3.4048750457200954,3.734865993827608,0.9197014451454353,323,15
DE937,2026-07-01,3.5891881670146075,3.629941104207476,1.387149983817964,180,20
DE938,2026-07-01,3.7715243552243773,3.8747734828714386,1.7803395513700624,62,5
DE939,2026-07-01,2.892052976483545,3.477954540862743,-0.2718880060239334,814,6
DE93A,2026-07-01,2.6545934451563133,3.3368587290119267,-0.819250849719682,189,11
DE93B,2026-07-01,2.907361389850167,3.8752886333124708,-0.31371261583832877,536,44
DE941,2026-07-01,2.9363354319643067,3.6782070382071073,-0.2043614485635439,515,39
DE942,2026-07-01,2.5086904577113796,3.5112586430617534,-1.2074270519279977,227,119
DE943,2026-07-01,3.0200515949169042,3.4601887333433723,0.041793576567889366,620,73
DE944,2026-07-01,2.6866011083754024,3.587352866182395,-0.791446270431572,1971,373
DE945,2026-07-01,3.0686340524195637,3.45080578102681,0.16137717520278874,392,39
DE946,2026-07-01,3.502774561770266,4.0503320623220596,1.0942636078372552,166,12
DE947,2026-07-01,2.6900050411192655,3.5451001949125467,-0.7748060029944481,303,30
DE948,2026-07-01,3.0060666481504303,3.4707475950262046,0.005809510019119502,304,31
DE949,2026-07-01,2.825694046276399,3.5881994032085283,-0.4545788641034293,1118,157
DE94A,2026-07-01,3.233766376457736,3.5773063803110148,0.5363831465329538,448,37
DE94B,2026-07-01,2.9505211220450684,3.8046354915502083,-0.19509933668274196,1026,72
DE94C,2026-07-01,2.881480746178263,3.4512722891270022,-0.2922059153003054,176,23
DE94D,2026-07-01,3.0232748302610855,3.2371074720122603,0.09391211132991906,630,44
DE94E,2026-07-01,2.758218507345862,3.693171867109513,-0.6389281703171338,985,79
DE94F,2026-07-01,3.0939723432689137,3.671578618114315,0.1789244595456054,183,15
DE94G,2026-07-01,2.603892619765347,3.535387863400198,-0.9815356090064713,318,24
DEA11,2026-07-01,3.1299698746179794,3.4781940512360885,0.30455991316408776,2129,62
DEA12,2026-07-01,3.0012357880186777,3.496688569186355,-0.0110485156423832,915,64
DEA13,2026-07-01,2.6634439413175386,3.734591813092078,-0.876802860643133,673,31
DEA14,2026-07-01,2.99910856818546,3.53871775848787,-0.024550797183628247,768,67
DEA15,2026-07-01,3.561285576693844,3.497024429245076,1.3459391938832117,569,10
DEA16,2026-07-01,2.3482753928531035,3.4601450956473467,-1.5859760024747869,66,8
DEA17,2026-07-01,3.0196412768905145,3.709226673296206,-0.008664496300256326,590,65
DEA18,2026-07-01,2.5394109129086395,3.624070442441906,-1.1553950810978555,182,6
DEA19,2026-07-01,2.215069284526605,3.4302282096560086,-1.9028051123959107,276,5
DEA1A,2026-07-01,2.680416167666042,3.4395653030868507,-0.7770794590141045,635,16
DEA1B,2026-07-01,3.5648698784527824,3.4873606682415206,1.3565437142350245,1544,47
DEA1C,2026-07-01,3.4278266747374126,3.617042796981847,0.9987174504434494,1155,41
DEA1D,2026-07-01,3.1560695226262947,3.626427797379042,0.33835972915572693,1334,85
DEA1E,2026-07-01,3.5365116564482206,3.429310793498778,1.2993588659929012,831,26
DEA1F,2026-07-01,3.550931315121921,3.672460587573653,1.286004752327204,2035,71
DEA22,2026-07-01,3.113041700403927,3.3437509622578454,0.29024436314234037,812,110
DEA23,2026-07-01,2.932844500491164,3.370129304163316,-0.1516300135727029,2353,164
DEA24,2026-07-01,2.962523556170533,3.5421806971952643,-0.11388760218530582,761,49
DEA26,2026-07-01,3.5945696683943082,3.782823251057991,1.3698244772200554,595,38
DEA27,2026-07-01,3.050452752755912,3.3452460515193456,0.1382883786212578,355,5
DEA28,2026-07-01,2.997860893684868,3.7287342695760963,-0.06531504860697827,496,24
DEA29,2026-07-01,3.446022409622075,3.5086433989002384,1.0643377157837324,465,20
DEA2A,2026-07-01,3.6408153886739356,3.941404270886603,1.4503849888332883,439,24
DEA2B,2026-07-01,2.8899265942516283,3.7120912020084287,-0.32354458020520355,454,15
DEA2C,2026-07-01,3.126440208709996,3.23354663788954,0.3445989816781106,944,52
DEA2D,2026-07-01,3.4444928959699896,3.64388021861475,1.033770865131753,904,78
DEA31,2026-07-01,2.9493730333703194,3.7430982780534365,-0.18565876489084465,315,33
DEA32,2026-07-01,2.3994374672161696,3.3241875835912476,-1.4350015474738615,489,26
DEA33,2026-07-01,2.9253243125955377,3.97818143750065,-0.2906232636790958,606,59
DEA34,2026-07-01,2.3502292210858378,4.062516601169232,-1.700884517330228,219,9
DEA35,2026-07-01,3.215498170752035,4.080459249242378,0.39218147421402405,267,20
DEA36,2026-07-01,2.6906058714337835,3.538719136845333,-0.7720827298132031,383,17
DEA37,2026-07-01,2.81378481758533,3.617297262382104,-0.48921547595210196,280,34
DEA38,2026-07-01,3.543862533841226,4.142793370093377,1.1754590754970877,86,7
DEA41,2026-07-01,2.221871016048584,3.542084282551693,-1.9085406798007822,333,46
DEA42,2026-07-01,2.984761858246667,3.676635363994454,-0.08670740202029927,314,58
DEA43,2026-07-01,2.6258869432186316,3.7825054280854213,-0.977323659818151,240,122
DEA44,2026-07-01,3.3691197758196196,3.6123783371727276,0.8573914503675725,46,6
DEA45,2026-07-01,3.104387500466495,3.7635036491596114,0.1859032664497202,686,62
DEA46,2026-07-01,2.4021650061307445,3.840240663485363,-1.5308907500317972,440,47
DEA47,2026-07-01,3.6021236564838777,3.854359105574959,1.3739200880931604,231,20
DEA51,2026-07-01,2.776645672515893,3.7747673055665354,-0.6104838384777771,919,64
DEA52,2026-07-01,2.930450032474511,3.5014288129285154,-0.18351070431657288,967,30
DEA53,2026-07-01,3.173572942665046,3.592533051933503,0.38750435979155695,575,61
DEA54,2026-07-01,2.4992212421140327,3.686609660954933,-1.265200031534184,194,16
DEA55,2026-07-01,3.085075231383842,3.780538012065214,0.13572442445999972,253,9
DEA56,2026-07-01,3.0570764694908252,3.6422271408915674,0.09535199502980829,909,68
DEA57,2026-07-01,3.05268883355984,3.6202954755565546,0.0890763919187703,898,69
DEA58,2026-07-01,3.3838352246117376,3.7900607326899314,0.8577571775121254,970,76
DEA59,2026-07-01,2.9578565877415817,3.6689608531309124,-0.15037714729247517,230,37
DEA5A,2026-07-01,3.514675618750608,3.5999213194095545,1.2125614438297034,675,48
DEA5B,2026-07-01,2.91472887502947,3.3568058668210607,-0.19287961695997435,269,22
DEA5C,2026-07-01,3.0643517304902317,3.478959585296564,0.14540879869916787,332,16
DEB11,2026-07-01,2.9834326803625686,3.2424544409622715,-0.003691256998132904,260,22
DEB12,2026-07-01,3.005638779164247,3.7143478838016484,-0.043611066039825674,742,39
DEB14,2026-07-01,2.877498056109536,3.3350218424510953,-0.2787667306895586,190,8
DEB17,2026-07-01,2.9419956667080576,3.7100399044330055,-0.19696878955634417,690,31
DEB18,2026-07-01,2.9684824803705365,3.653603692906733,-0.1215793550172644,189,3
DEB1A,2026-07-01,1.9139539062853457,3.5389452264866494,-2.6540299268835645,134,7
DEB1B,2026-07-01,3.3717570685520166,3.1075356804610585,0.9640535446478123,102,9
DEB21,2026-07-01,2.571770071975942,3.5539001024756964,-1.0630485217108954,604,38
DEB22,2026-07-01,3.4524479386850833,3.280978945759725,1.125126027767964,201,18
DEB23,2026-07-01,2.3633965015530816,3.5386399377787083,-1.5649267235215092,186,49
DEB24,2026-07-01,2.2942320105566565,3.6790936719305125,-1.7604158008843696,58,7
DEB25,2026-07-01,3.2436456603503463,3.501981096207244,0.5752826829853659,272,15
DEB32,2026-07-01,3.105835984941906,3.5657564406182605,0.2286895682848161,628,30
DEB33,2026-07-01,4.012066417824916,3.903978632956959,2.357395350410927,58,4
DEB34,2026-07-01,3.234058584943166,3.2839339446786737,0.595360731442999,269,37
DEB35,2026-07-01,3.0371719135055333,3.7715867865836668,0.02142797465331679,843,53
DEB37,2026-07-01,2.627292171579447,3.8508541589735663,-0.9874940587794145,54,5
DEB38,2026-07-01,3.3707777689220797,3.739707272818512,0.8361188959752835,174,10
DEB39,2026-07-01,2.223431538505801,3.8590122342890782,-1.967707508506611,91,7
DEB3A,2026-07-01,2.698110645929232,3.718894814410792,-0.7896843737619146,105,6
DEB3B,2026-07-01,2.870385431477056,3.831234631591514,-0.3945589224873598,209,22
DEB3C,2026-07-01,3.5549344607034583,3.410164280989412,1.3478019637455532,68,4
DEB3E,2026-07-01,3.665876507847437,3.618217501144054,1.5753017359630723,142,3
DEB3F,2026-07-01,3.1477898056565023,3.757581560772867,0.29224746295201737,184,6
DEB3G,2026-07-01,2.653937956277397,3.4368750702906583,-0.8407043746915518,77,8
DEB3J,2026-07-01,2.93435382739477,3.7508273415363718,-0.22358688724191808,296,26
DEB3K,2026-07-01,2.1412298127200144,3.5772764283013823,-2.110931911505877,102,7
DEC01,2026-07-01,2.268273200879328,3.58070361940104,-1.8037742899402596,696,45
DEC02,2026-07-01,2.753130380369771,3.4978759316524894,-0.6124675767666786,221,12
DEC03,2026-07-01,3.0511093569611103,3.609320108058125,0.0874290922933117,179,6
DEC04,2026-07-01,3.107189575490528,3.5662912761619907,0.23186321930756223,364,22
DEC05,2026-07-01,3.0932040353542694,3.72493623427223,0.1664649036972303,225,17
DEC06,2026-07-01,1.8467949413495153,3.6810919767244994,-2.844995688309166,174,5
DED21,2026-07-01,3.348101631473929,3.7577832342666135,0.7775821959568741,1651,189
DED2C,2026-07-01,3.369218646298469,3.610499686832981,0.8580041599383573,442,34
DED2D,2026-07-01,3.4250747546063356,3.6323726652285706,0.9890044703691423,533,55
DED2E,2026-07-01,2.8252351702086043,3.6285840087150536,-0.4637119418078424,476,45
DED2F,2026-07-01,3.2578330099508674,3.7865902656982504,0.5531310147574445,365,38
DED41,2026-07-01,2.235179899409529,3.56861196538189,-1.8815608969529118,400,27
DED42,2026-07-01,2.4774284834905362,3.506791798679627,-1.2822906143160147,370,19
DED43,2026-07-01,2.9844758757930405,3.6948315330452943,-0.09101448201856474,673,59
DED44,2026-07-01,2.9439883377968235,3.7592362501748537,-0.20191171800311764,338,22
DED45,2026-07-01,2.225606254088047,3.5650747704020405,-1.904056202404998,614,142
DED51,2026-07-01,2.8685693507374044,3.638815472668692,-0.3607412311001636,1893,127
DED52,2026-07-01,3.2166617488822906,3.639445782089159,0.4825948840743498,393,34
DED53,2026-07-01,3.2683133179404775,3.7113628978093005,0.5934674422254571,483,67
DEE01,2026-07-01,3.3223874178126014,3.8212199789422776,0.7026744018430034,84,2
DEE02,2026-07-01,3.076601244914592,3.9481056006736908,0.08190892273861698,81,8
DEE03,2026-07-01,1.9063869231806216,3.703565355266893,-2.7050622488639955,403,30
DEE04,2026-07-01,2.6809302292221227,3.415606778864705,-0.7710752043792743,147,14
DEE08,2026-07-01,3.365574185958314,3.715427965880054,0.828332462646013,76,5
DEE09,2026-07-01,3.253087991787785,4.048743687773744,0.489564554507764,132,8
DEE0A,2026-07-01,4.416421919641921,3.16771990299002,3.4834230247335762,49,3
DEE0B,2026-07-01,2.7608921691982777,3.57709065541299,-0.6093936192064009,46,23
DEE0C,2026-07-01,2.9483234444830217,3.6742885369262406,-0.1745350516337011,81,14
DEE0D,2026-07-01,3.3091737904689356,3.5960775482837137,0.7153742286944594,91,11
DEE0E,2026-07-01,1.4055545721083382,3.7856944786901225,-3.934939588216208,38,4
DEF01,2026-07-01,2.1684098649278116,3.482682370697274,-2.026283794692053,356,28
DEF02,2026-07-01,2.763048182817829,3.5540352522302254,-0.5995901346505946,1022,80
DEF03,2026-07-01,3.077721515200342,3.648388483767341,0.14415315939381249,718,37
DEF04,2026-07-01,2.9165959482381707,3.620399883266417,-0.24071047525070036,273,26
DEF05,2026-07-01,3.101898791588199,4.1721741980274505,0.09870287722202077,639,29
DEF06,2026-07-01,3.2546965401805017,3.660480852237364,0.5705788571183461,269,7
DEF07,2026-07-01,3.027239572076895,3.7693529957850327,-0.0021953676163758186,195,11
DEF08,2026-07-01,3.5412004829688097,3.704577585926929,1.256046944054451,373,14
DEF09,2026-07-01,2.8687476848760136,3.4050494816328514,-0.3138785868885223,884,63
DEF0A,2026-07-01,2.8791200188995747,3.5818786287441857,-0.3238671719701937,193,6
DEF0B,2026-07-01,3.2364365859621578,3.5602504065993763,0.5462409724063667,697,46
DEF0C,2026-07-01,2.958271828244797,3.615516817062042,-0.13875594299204583,246,10
DEF0D,2026-07-01,3.047888372441682,3.590761662982676,0.08331040969549867,560,34
DEF0E,2026-07-01,2.9341343904124173,3.8113186742166834,-0.2361333725202863,679,14
DEF0F,2026-07-01,3.1905215462251215,3.6591084234192013,0.4153492755792543,406,22
DEG01,2026-07-01,2.4204435969284175,3.560317779924515,-1.431001779162069,1319,54
DEG02,2026-07-01,2.954677629588784,3.852111511772649,-0.1944573911290764,393,28
DEG03,2026-07-01,2.8779513614634995,3.842575478680726,-0.3784784628763669,666,41
DEG04,2026-07-01,3.240228829497536,3.636747413642678,0.5402361325287018,284,28
DEG05,2026-07-01,2.441897007833191,3.8763627716721802,-1.4417908556825159,180,2
DEG06,2026-07-01,3.1460092737132666,3.6273908236496535,0.31379150402464284,109,6
DEG07,2026-07-01,3.249092103420883,3.609938610304166,0.5670374519714608,242,15
DEG09,2026-07-01,3.0472911467200294,4.165853143832812,-0.032361204425544174,115,7
DEG0B,2026-07-01,3.1035138480203317,3.6919333669683407,0.19800158834733972,889,71
DEG0C,2026-07-01,2.869714833023163,3.766107142442736,-0.38324824668120505,168,12
DEG0D,2026-07-01,2.9502867738100758,3.6933605997883845,-0.173565802930181,85,4
DEG0E,2026-07-01,2.7523804945748482,3.6022853001641484,-0.6350223761400816,228,27
DEG0F,2026-07-01,3.026668950274202,3.736386691985796,0.0029697172677998914,362,25
DEG0G,2026-07-01,2.7836562791320363,3.1792769638019838,-0.47522037161363195,89,4
DEG0H,2026-07-01,2.621583545049568,3.6604782089854653,-0.9635142011117158,372,39
DEG0I,2026-07-01,3.138726363763827,3.672573909264287,0.28717006440781645,461,52
DEG0J,2026-07-01,2.8596450011803607,3.8674765861623652,-0.4277823814442229,87,11
DEG0K,2026-07-01,2.4619837862856433,3.8989324599023734,-1.3976014465936737,159,15
DEG0L,2026-07-01,3.0187880689838504,3.7194744529924093,-0.012767311587569283,177,14
DEG0M,2026-07-01,2.6420483343288113,3.7614162253678556,-0.9339743267893315,203,11
DEG0N,2026-07-01,2.909958968400108,3.794377913310007,-0.2913479732501452,81,3
DEG0P,2026-07-01,2.5577427921166134,3.883988460167522,-1.162600007739794,339,24
DE111,2026-08-01,2.37656373282303,3.7428105842506225,-1.678802846791011,1085,70
DE112,2026-08-01,2.978121666829219,3.29458189714813,-0.0319560782336271,178,6
DE113,2026-08-01,1.9405172738398961,3.537208129478488,-2.701873556535297,332,11
DE115,2026-08-01,2.760049297480054,3.6155718422921446,-0.6799493623523936,509,25
DE116,2026-08-01,3.324962455316735,3.473408927384839,0.7768988134851815,210,17
DE117,2026-08-01,2.948232203276521,3.352666916790316,-0.1253040475382604,228,12
DE118,2026-08-01,2.963007188265553,3.663519824427402,-0.18839968642054905,217,45
DE119,2026-08-01,2.8336357560312226,3.4116044093300704,-0.43051842398472634,56,9
DE11A,2026-08-01,3.547662203172747,3.3659848249593836,1.3677460495021108,191,13
DE11B,2026-08-01,3.6417942265850805,3.9138332216608203,1.4266364604547999,375,32
DE11C,2026-08-01,2.735998918695496,3.413354523262111,-0.6749714821450064,515,10
DE11D,2026-08-01,3.1170052784778557,3.5777713606816164,0.22386244642681294,852,88
DE122,2026-08-01,2.741840910368992,3.5265309091738377,-0.6967878528428068,733,40
DE123,2026-08-01,3.0957595779221294,3.677833059870682,0.13860194445522306,454,42
DE124,2026-08-01,3.177998757046463,3.7413375377839957,0.32360007899901316,386,46
DE125,2026-08-01,2.828722143040818,3.616829654066291,-0.5088140052548291,420,22
DE126,2026-08-01,2.8255920299006156,3.369269293611254,-0.43699173065345404,1295,66
DE127,2026-08-01,3.5103611524324005,3.7443436885289887,1.1528511746776118,343,35
DE128,2026-08-01,3.3686549652517215,3.637220210094818,0.8333409763600493,1165,49
DE129,2026-08-01,2.7350100905001713,3.453757886748118,-0.6904394171803736,136,10
DE12A,2026-08-01,3.01871587914324,3.714437037735686,-0.06562349993068563,142,20
DE12B,2026-08-01,4.18884985176438,3.685075502479064,2.866735627205283,68,4
DE12C,2026-08-01,2.101597176949668,3.778909030518278,-2.37726321366457,41,3
DE131,2026-08-01,2.735391024936783,3.768394372405377,-0.7907075858502085,851,31
DE132,2026-08-01,2.7184752889629924,3.700947616859257,-0.8112640500274743,659,46
DE133,2026-08-01,2.6939619443320217,3.5951860692434763,-0.8384728033292124,396,32
DE134,2026-08-01,2.9506446931008554,3.6131428802479935,-0.20307389241540982,1432,122
DE135,2026-08-01,3.3458436061033283,3.5153263666299575,0.8155734836132498,176,4
DE136,2026-08-01,3.274995077679497,3.6338580672752454,0.6004666943904579,183,18
DE137,2026-08-01,3.195064760023831,3.726853353391138,0.3708893848990918,158,7
DE138,2026-08-01,2.1433672190944493,3.7709842160067453,-2.270375106750284,698,34
DE139,2026-08-01,2.277717603471767,3.4275401734682025,-1.8242899618483648,755,70
DE13A,2026-08-01,2.777875729046028,3.836622575078449,-0.7065330091207562,336,32
DE141,2026-08-01,2.631735271180655,3.7335019239892002,-1.0384074320083145,100,5
DE142,2026-08-01,2.7243214845317656,3.326092260229103,-0.6760683103807753,64,4
DE143,2026-08-01,3.6051479826784925,3.9464189654870343,1.3246137339562876,64,8
DE145,2026-08-01,2.8294097837811942,3.515843604307574,-0.474608742230019,114,6
DE146,2026-08-01,3.0721983516833817,3.6199187357336453,0.09837888874030522,330,15
DE147,2026-08-01,2.7808482632275537,3.889496835544254,-0.7161176695002471,402,32
DE148,2026-08-01,2.977615936380008,3.677160728208131,-0.156296377011743,314,33
DE149,2026-08-01,3.117548198937674,3.9821215429495362,0.0951376809230682,193,16
DE211,2026-08-01,3.1605590316452914,3.588351469863374,0.32925303750276147,895,50
DE212,2026-08-01,2.827629349358236,3.5497597165752874,-0.4899670820417184,4211,200
DE213,2026-08-01,3.1462554288918327,3.676151720852466,0.2652779668558349,545,25
DE214,2026-08-01,3.451879831561568,3.769762927480241,0.9985914331003718,433,30
DE216,2026-08-01,3.1243546281341064,3.6388731999619472,0.22256392477849665,453,24
DE217,2026-08-01,3.032452226572504,3.4378623001632853,0.057664054014829005,215,5
DE218,2026-08-01,3.421084803930579,3.525923986134577,1.0001114780349003,160,16
DE219,2026-08-01,3.1984802119955478,3.5618081224270655,0.4325166055332649,643,31
DE21A,2026-08-01,3.4873542451914723,3.7446664006480224,1.0952777002415326,260,9
DE21B,2026-08-01,3.223200757659949,3.6786473970340103,0.45667918704975774,282,20
DE21C,2026-08-01,3.3981308626391438,3.540526015153456,0.9380766000164039,246,26
DE21E,2026-08-01,2.489661897157484,3.711632312479286,-1.386261320595661,157,19
DE21F,2026-08-01,2.9181941904639968,3.5617611566150185,-0.2676033049745341,501,58
DE21G,2026-08-01,3.393919479751904,3.5690163143962383,0.9183914237753786,342,19
DE21H,2026-08-01,3.8430323222170557,3.456373513373911,2.0764817232561747,476,17
DE21I,2026-08-01,2.76868694101127,3.5806692903048156,-0.6471448490403912,357,30
DE21J,2026-08-01,3.260971136062514,3.4351448742362325,0.6293626281981163,397,19
DE21K,2026-08-01,3.3402560645952755,3.526417587657986,0.7980481062471966,531,20
DE21L,2026-08-01,3.4092775010833507,3.8329149956753006,0.8718575167737405,193,9
DE21M,2026-08-01,2.901861179469896,4.1609752084606235,-0.5011714000874532,841,24
DE21N,2026-08-01,3.011877985207359,3.516120684669926,-0.01890498287399526,255,12
DE221,2026-08-01,2.792166422677906,3.518170389864743,-0.5683886076858218,246,16
DE222,2026-08-01,3.018679093141151,3.5510600474833396,-0.013156409224393583,1029,53
DE223,2026-08-01,3.6012089442797874,3.5436218928307723,1.444355591581568,349,11
DE224,2026-08-01,3.11944879213989,3.6447035661038885,0.20843383684637903,729,25
DE225,2026-08-01,2.840487401694352,3.623521867721162,-0.48157811586628074,441,32
DE226,2026-08-01,3.4577372287629764,3.5597234993779474,1.0807932623186292,148,6
DE227,2026-08-01,3.4564088154301578,3.343299369532664,1.147099417852697,126,7
DE228,2026-08-01,3.2701016363238438,3.6530378173698748,0.5820730214130027,689,29
DE229,2026-08-01,3.1570873730750577,3.564494702772015,0.32825588530854705,484,17
DE22A,2026-08-01,2.8546161188794668,3.4997703141735386,-0.40647423076104156,393,19
DE22B,2026-08-01,3.649066578300585,3.599543696178817,1.545910388145407,331,10
DE22C,2026-08-01,3.2155924723254103,3.5962951193706427,0.46416724966007117,564,17
DE231,2026-08-01,2.82414935282869,3.0489478186970564,-0.33754683937709784,41,3
DE232,2026-08-01,3.190658265801131,3.3584935608347806,0.4783849704722626,807,38
DE234,2026-08-01,3.458123887888964,3.452315251968738,1.1163127388111271,319,13
DE235,2026-08-01,3.0403231116413254,3.534073423211087,0.046373505695546505,684,33
DE236,2026-08-01,3.353492738492826,3.5139689587282037,0.835117168312067,452,31
DE237,2026-08-01,3.3303145714283646,3.789648546785889,0.6885325774251675,328,8
DE238,2026-08-01,3.1116650699479815,3.3160208622697214,0.29472907585904096,513,25
DE239,2026-08-01,2.9455446759774944,3.307771259797134,-0.11757420588368947,889,54
DE23A,2026-08-01,3.2231729158323357,3.852950569214933,0.40053566753795106,458,54
DE241,2026-08-01,2.756418321200948,3.3975465512532312,-0.6188797497211477,538,16
DE242,2026-08-01,2.833011190369354,3.744995940609902,-0.5393318293452212,779,43
DE243,2026-08-01,2.3994220085019085,3.700934106494903,-1.6082326442022288,365,49
DE244,2026-08-01,2.982919087971375,3.775061852197782,-0.17454462479049127,1171,140
DE245,2026-08-01,2.658868298997011,3.2684158153893224,-0.8210110982138995,153,9
DE246,2026-08-01,2.578425187994756,3.776408294441587,-1.185375455543611,489,33
DE247,2026-08-01,2.012302330374875,3.298204698397198,-2.445671185665488,112,12
DE248,2026-08-01,2.998722416794831,3.582650485366056,-0.07316956124146895,217,14
DE249,2026-08-01,3.2233567465151767,3.859475269409056,0.39889584373199105,448,29
DE24A,2026-08-01,2.888532898819423,3.4533981731464056,-0.3068343809619778,261,15
DE24B,2026-08-01,3.1331945153547798,3.5841275565872373,0.2622572243775856,532,24
DE24C,2026-08-01,3.2171393630673695,3.6388608307774692,0.4543377291660531,176,8
DE24D,2026-08-01,3.3787305822514027,3.8493223055021693,0.7902751426062355,390,33
DE251,2026-08-01,3.1727012456990744,3.4025592049933966,0.4193535010903003,298,28
DE252,2026-08-01,3.304664819077693,3.3803532062365367,0.7561330958423961,520,57
DE253,2026-08-01,2.9296078877946785,3.583826437347647,-0.24619116366679614,750,50
DE254,2026-08-01,2.891073312882848,3.518301257651845,-0.3213681643947208,2399,136
DE255,2026-08-01,3.4796670503756872,3.6402450679073897,1.109668348759601,216,19
DE256,2026-08-01,2.950176119953311,3.65184350338376,-0.2166944886233948,542,20
DE257,2026-08-01,3.4503594104280735,3.6771888202737872,1.0245749579797285,312,21
DE258,2026-08-01,2.780053085423313,3.400597786559666,-0.5608233434570663,199,13
DE259,2026-08-01,3.550384563548528,3.5054635942812493,1.3296754828088728,507,23
DE25A,2026-08-01,3.018590740652703,3.537655024950587,-0.009064662477628261,348,21
DE25B,2026-08-01,3.053231825753861,3.300667326292649,0.1537061783683481,549,27
DE25C,2026-08-01,2.898622696148808,3.318956825478038,-0.2383804910601899,534,34
DE262,2026-08-01,2.8869606684572213,3.533220818178273,-0.3364409421800493,453,34
DE263,2026-08-01,2.8272029718925418,3.5336624315421403,-0.4858535874530072,968,62
DE264,2026-08-01,2.331544007483141,3.572147661333959,-1.736356103696126,268,4
DE265,2026-08-01,2.549270603084428,3.677160886063355,-1.22627332737809,277,17
DE266,2026-08-01,2.636726102183777,3.5463718874309484,-0.9657402606312033,287,14
DE267,2026-08-01,3.645539743903289,3.4656774486752577,1.5801658656496902,216,8
DE268,2026-08-01,3.154165546220387,3.5640595783641214,0.32109734583315075,311,25
DE269,2026-08-01,3.049724132620557,3.8205078204615397,-0.02229039739138049,173,12
DE26A,2026-08-01,2.8932445344065045,3.585748498297003,-0.33764262955809293,585,49
DE26B,2026-08-01,3.008613894090941,3.6927018997988785,-0.08386528320185044,236,15
DE26C,2026-08-01,2.9262943035146582,3.662118372526733,-0.27965507105907766,312,30
DE271,2026-08-01,2.8106126152043167,3.5167943015225447,-0.5218686069132951,924,63
DE272,2026-08-01,2.3379050975113826,3.893123690415873,-1.8237257134140357,32,7
DE274,2026-08-01,3.5933417536662597,3.6490208832175135,1.3907966522438977,156,5
DE275,2026-08-01,3.078408435498918,3.531206089176891,0.1424304320845278,437,26
DE276,2026-08-01,2.963126556274412,3.6558906940071347,-0.18564719406384506,361,9
DE277,2026-08-01,3.4529538223558687,3.5701444460791496,1.0654921883180415,125,10
DE278,2026-08-01,2.78907986093905,3.3143704077457214,-0.5105354196158703,251,14
DE279,2026-08-01,2.812871525205948,3.497151891357642,-0.5099069708755175,529,39
DE27B,2026-08-01,3.5223515089576103,3.4726393736136307,1.2702105316714367,115,6
DE27C,2026-08-01,2.5177483759658985,3.7402014436085578,-1.3252940414938543,191,16
DE27D,2026-08-01,2.957647761887872,3.614748864196187,-0.18609736380909073,585,29
DE27E,2026-08-01,3.1226120326338003,3.420216580993867,0.28855368199219805,175,9
DE300,2026-08-01,2.6338895387575465,3.5941887435076487,-0.9882086578473137,5701,437
DE401,2026-08-01,3.112702481266906,3.384683833227866,0.27523132661256394,132,21
DE402,2026-08-01,2.836828280310914,3.534126125665547,-0.4619594074834427,386,4
DE403,2026-08-01,3.260235495039353,3.455095972101015,0.6211067063272784,47,7
DE404,2026-08-01,2.448855094687114,3.892961175721308,-1.5465280429213168,482,29
DE405,2026-08-01,4.179714718278185,3.723632747862778,2.8315126902017544,23,2
DE406,2026-08-01,2.596528791256387,3.926765267243702,-1.188524303665331,284,17
DE408,2026-08-01,3.373501627679911,3.747394783033927,0.8100040366109589,193,27
DE409,2026-08-01,2.9269538213294686,3.83657758495996,-0.33413181263622127,151,9
DE40A,2026-08-01,3.4284847409215073,3.2666709785416868,1.1019986543450733,886,23
DE40B,2026-08-01,3.4041827574115184,3.5216744547644145,0.959258429352152,39,12
DE40C,2026-08-01,3.5996088777853363,3.4100231845188174,1.4833379331748382,209,16
DE40D,2026-08-01,3.6397263032766705,3.6936746731703742,1.4922967476535287,315,21
DE40E,2026-08-01,3.599910394955604,4.09743048961942,1.262949639922009,437,18
DE40F,2026-08-01,3.554248850710686,3.7962354333278734,1.2457858320973652,168,9
DE40G,2026-08-01,2.5713694241740326,3.521073720788338,-1.1208581907337916,52,5
DE40H,2026-08-01,2.9195176689612787,3.7022839395087703,-0.309504044478029,183,17
DE40I,2026-08-01,3.275550444308371,3.786410286531279,0.5527773507852303,151,18
DE501,2026-08-01,2.717273748529408,3.592318169697209,-0.7793189212961322,1820,136
DE502,2026-08-01,2.5655298490984255,3.7171865241455144,-1.19853525503822,177,38
DE600,2026-08-01,2.927799975723233,3.6674531220586695,-0.27761021500701466,2747,336
DE711,2026-08-01,2.8116703360014985,3.562987471542688,-0.5340870067610373,659,45
DE712,2026-08-01,2.338177002195776,3.470946555649439,-1.687230574992274,494,65
DE713,2026-08-01,2.453933808551908,3.19077988487889,-1.3079474604945789,222,8
DE714,2026-08-01,2.890800269389385,3.836323343726536,-0.4243590846492581,557,32
DE715,2026-08-01,2.9886801005240695,3.913752534913635,-0.20477131897632878,611,46
DE716,2026-08-01,2.937689908794996,3.694390559466119,-0.26157172176206184,360,31
DE717,2026-08-01,3.0084105553326848,3.8132876807309692,-0.12316609922047915,734,49
DE719,2026-08-01,3.0631426581260115,3.5726190876583006,0.09097486605405854,867,71
DE71A,2026-08-01,2.7338959827304827,3.5979849100126446,-0.7396207456925762,89,8
DE71B,2026-08-01,2.9286788633610357,3.978772024959259,-0.3755672525630412,119,17
DE71C,2026-08-01,3.4534316194196,3.49919307927075,1.0895110082676007,210,14
DE71D,2026-08-01,3.2056157545844917,3.5583465662201577,0.451454290833082,200,8
DE71E,2026-08-01,3.1477620483420807,3.567056164251273,0.3041378400542084,206,20
DE721,2026-08-01,3.1721132930358893,3.616025187125203,0.3492120433809621,308,11
DE722,2026-08-01,3.1910663813846654,3.7440632548715556,0.35536522399240206,407,23
DE723,2026-08-01,3.6125655160700543,3.446573050900467,1.5039444892894618,221,21
DE724,2026-08-01,3.2699478730951332,3.8759334790450497,0.5099825761176082,827,96
DE725,2026-08-01,2.9500689310836377,3.055068532767336,-0.024977532629144757,118,5
DE731,2026-08-01,3.0126280247001014,3.657231446618761,-0.062427288220899595,433,57
DE732,2026-08-01,2.8622984622991567,3.358724855904118,-0.3419094268519578,227,8
DE733,2026-08-01,3.6788341475088933,3.7260376201334275,1.5795741477653773,143,18
DE734,2026-08-01,2.8097543620122925,3.2753100311754317,-0.4463260844821826,226,30
DE735,2026-08-01,3.293166101911868,3.786627745009162,0.596710083108058,190,12
DE736,2026-08-01,2.9556454850817673,3.9953481860029654,-0.31353911605257995,199,14
DE737,2026-08-01,1.9687766760161796,3.965797653761074,-2.7691623608739313,156,5
DE804,2026-08-01,2.76667306690947,3.639455858644048,-0.6710872222923637,293,21
DE80J,2026-08-01,3.2887956889686385,3.855184440840841,0.5637381534571442,614,49
DE80K,2026-08-01,2.9997558158474433,3.6639562750943857,-0.09674457422047839,1678,146
DE80L,2026-08-01,3.178717396910188,3.6353007551763974,0.3595076150439997,515,45
DE80M,2026-08-01,3.1383757712348497,3.6581989035115683,0.2513706166381701,494,27
DE80N,2026-08-01,3.243590547434467,3.6916129252097787,0.5034404079275185,1007,64
DE80O,2026-08-01,3.1639606497710475,3.5676356807518816,0.3444143890495022,215,10
DE911,2026-08-01,2.647294432628718,3.6653719750972047,-0.977624071567246,1138,90
DE912,2026-08-01,3.3116709958944237,3.696832332220769,0.6718215384207485,249,56
DE913,2026-08-01,2.8261388378924672,3.7608371200105695,-0.5615946544036678,1487,188
DE914,2026-08-01,2.9090639669692093,3.7751876190722817,-0.35907004844720297,568,48
DE916,2026-08-01,3.142259005066475,3.8398073851137524,0.20264654759911524,584,25
DE917,2026-08-01,3.278011224008498,3.7190545498468475,0.580592796212398,318,56
DE918,2026-08-01,2.6281419757120865,3.5296907101924404,-0.981816416337044,207,27
DE91A,2026-08-01,3.049649848219852,3.8007386107587386,-0.016116127082337627,394,27
DE91B,2026-08-01,2.790968587675755,3.5261908477559567,-0.5739609271952335,648,71
DE91C,2026-08-01,3.0653739556963795,3.6023668060162173,0.08697854187491873,954,52
DE922,2026-08-01,3.630384030399829,3.682060500902282,1.4726967207070107,667,44
DE925,2026-08-01,3.6285304950641577,3.5169081072360626,1.521196851545705,208,7
DE927,2026-08-01,3.321744591475463,3.6031415832998444,0.7271253397528289,116,12
DE928,2026-08-01,3.9924035910238174,3.530034720023631,2.4259036993317062,65,2
DE929,2026-08-01,2.924671895664822,3.6177365435411044,-0.2694299353418476,2922,240
DE931,2026-08-01,3.7137925111216763,3.542838025832309,1.72583369699527,125,3
DE932,2026-08-01,2.4995602429178274,3.769341004493011,-1.380101038995662,132,7
DE933,2026-08-01,3.753294541237901,3.700054022594739,1.7739300600409071,174,15
DE934,2026-08-01,2.077255606072539,3.4955068322169423,-2.3468952363679856,194,24
DE935,2026-08-01,3.530071763413794,3.8373594193647276,1.1721634090188895,707,21
DE936,2026-08-01,3.1889040982080847,3.8054938890446515,0.3302015294581742,397,16
DE937,2026-08-01,3.0746200158884123,3.729374495172153,0.06921571676520627,169,8
DE938,2026-08-01,2.9590790539438503,3.853395633743277,-0.25929564048842835,58,8
DE939,2026-08-01,3.7859861555337275,3.6765500402400666,1.8631527602498308,209,8
DE93A,2026-08-01,3.620269940985245,3.5152869764647834,1.5010840847849403,178,5
DE93B,2026-08-01,3.112987479795356,3.752700074702446,0.1575510526277241,550,33
DE941,2026-08-01,2.98480503482509,3.634005838393321,-0.12445542126467488,580,48
DE942,2026-08-01,2.702458614230924,3.619502262470594,-0.8250713208376185,231,144
DE943,2026-08-01,3.030446362966796,3.580637768749941,0.0067221518319123446,526,40
DE944,2026-08-01,2.854002139994298,3.5971360222587108,-0.43933081433400395,2092,331
DE945,2026-08-01,3.012608778873205,3.45269590029475,0.003324475726395684,478,53
DE946,2026-08-01,2.9268202399258643,3.6033390312124127,-0.25943178780090725,201,8
DE947,2026-08-01,2.9828934268351004,3.5385068798008334,-0.0985081185250564,260,30
DE948,2026-08-01,2.9394907880491976,3.460524735315632,-0.18183775332731383,300,28
DE949,2026-08-01,2.9605270509397754,3.5525896385856983,-0.15890824783572713,1218,91
DE94A,2026-08-01,3.1822479982652014,3.675207917825874,0.35548853084695853,511,29
DE94B,2026-08-01,2.9613131502393357,3.7829216587882235,-0.23104328572774907,1096,63
DE94C,2026-08-01,3.432596112781009,3.336574800106948,1.089780258871401,169,20
DE94D,2026-08-01,2.803134479851594,3.4138626313733593,-0.507434972315986,601,56
DE94E,2026-08-01,3.0182586635666757,3.7215820538260496,-0.06906417068918688,1014,77
DE94F,2026-08-01,2.858231092182894,3.1305920165398766,-0.27867826019531095,254,11
DE94G,2026-08-01,3.1317974526603822,3.6475404771834343,0.2383672886289546,313,34
DEA11,2026-08-01,2.9688728173396006,3.5740541481395147,-0.14496631466429064,2036,82
DEA12,2026-08-01,2.7049858318299207,3.53479031537631,-0.7915063613295453,946,75
DEA13,2026-08-01,2.762636399371306,3.5225119295753227,-0.6435492447488286,585,26
DEA14,2026-08-01,3.146073420308197,3.4284064666963108,0.3445238829168879,660,52
DEA15,2026-08-01,3.075506800783797,3.521512294217331,0.13830087959366874,594,14
DEA17,2026-08-01,3.161673780185441,3.7412853769196306,0.28283820069880405,612,58
DEA18,2026-08-01,3.1726524916456786,3.533485101776962,0.37711237357190175,114,8
DEA19,2026-08-01,3.097933725373138,3.590174400503329,0.17223292744258686,210,11
DEA1A,2026-08-01,3.3108767003422743,3.502676705351169,0.7322980236471341,457,16
DEA1B,2026-08-01,3.492340083704958,3.5659509958481657,1.1652253826930978,1244,60
DEA1C,2026-08-01,3.0185616820395422,3.688535750613984,-0.05767613411083601,1176,60
DEA1D,2026-08-01,2.925611333081285,3.6189604236841615,-0.2674770126575278,1086,63
DEA1E,2026-08-01,3.1197264510264064,3.6499004780834414,0.20745554373777134,787,46
DEA1F,2026-08-01,3.101868687029512,3.6785288841341837,0.15363822557890064,1954,93
DEA22,2026-08-01,3.094236692327471,3.421899304732719,0.2171327137784235,765,109
DEA23,2026-08-01,2.5683797141737412,3.5548301484739384,-1.1391858458509905,2608,138
DEA24,2026-08-01,3.0257480823687373,3.656794353287393,-0.02951368064649316,1029,52
DEA26,2026-08-01,3.462883866593857,3.5446277209829122,1.098505573770398,1358,23
DEA27,2026-08-01,3.458214365703724,3.6055039100274793,1.0672573905214608,252,7
DEA28,2026-08-01,2.9917316184905944,3.647839532813308,-0.11160364668218616,388,24
DEA29,2026-08-01,3.37430806083008,3.6297932399339388,0.849851300240132,458,18
DEA2A,2026-08-01,3.230205462340968,3.9289286150169827,0.39366006318818886,450,19
DEA2B,2026-08-01,2.808447551090557,3.7812878042286195,-0.6123653208518247,409,27
DEA2C,2026-08-01,2.7808133386230907,3.4241978136912326,-0.5665164994157624,641,35
DEA2D,2026-08-01,3.3976602517010814,3.7600266078309423,0.8662868973467324,1658,49
DEA31,2026-08-01,3.2244422487106252,3.303164184437441,0.5805746781240234,285,29
DEA32,2026-08-01,2.379117020172427,3.3018527162635936,-1.5305671418258873,413,35
DEA33,2026-08-01,3.087162281761695,3.829542901467729,0.06832088073109525,762,38
DEA34,2026-08-01,2.640014629145585,3.420755990990952,-0.9171146520181276,164,5
DEA35,2026-08-01,3.210561856719447,3.5561402331038123,0.46451909601486235,278,17
DEA36,2026-08-01,2.975761217487206,3.4524944269138875,-0.08865335930519468,385,17
DEA37,2026-08-01,3.5880180980905503,3.7654127624305866,1.3400548339862006,314,21
DEA41,2026-08-01,2.9975106293996485,3.690395968163091,-0.11085864072254913,421,27
DEA42,2026-08-01,3.2710821681289066,3.8184136691529513,0.5313203010742099,431,45
DEA43,2026-08-01,2.315728434839034,3.666514005653129,-1.8062203065547013,286,111
DEA44,2026-08-01,3.145500196331198,3.780185024967061,0.2299235512061332,89,17
DEA45,2026-08-01,3.826398556655124,3.9525065421383005,1.87532390895427,693,39
DEA46,2026-08-01,2.6665104732006033,3.7585652519317856,-0.959604356969307,456,41
DEA47,2026-08-01,2.6867344721816737,3.60458510733813,-0.859550232084907,365,19
DEA51,2026-08-01,2.9268425006539878,3.586453911576052,-0.2539441768621555,1084,60
DEA52,2026-08-01,2.689538051274632,3.566719678776013,-0.8403656383318371,1331,38
DEA53,2026-08-01,3.275410915754877,3.6296205344989714,0.6028686589318809,533,47
DEA54,2026-08-01,2.3254047196809697,3.8549097642803813,-1.8426572284425364,191,32
DEA55,2026-08-01,3.242409318737201,3.731101111265875,0.4877862857483849,200,8
DEA56,2026-08-01,3.1962775742814213,3.493063458811639,0.44912998098305457,910,63
DEA57,2026-08-01,3.1529830720832646,3.5984228705209236,0.30708880987737047,875,91
DEA58,2026-08-01,3.301886100102626,3.853876666633694,0.5968578072915712,923,56
DEA59,2026-08-01,3.1152302795143196,3.649475222884846,0.19636122566483608,212,19
DEA5A,2026-08-01,3.2916950615654756,3.6467817011186705,0.6380245139285099,728,41
DEA5B,2026-08-01,2.8877387048966447,3.417935966104953,-0.29740989959965913,277,20
DEA5C,2026-08-01,2.908421176430296,3.1319187413673526,-0.15373372705526928,322,18
DEB11,2026-08-01,2.735709878792523,3.31040772941234,-0.6425751209528142,381,20
DEB12,2026-08-01,3.309303861560941,3.7237633953045566,0.657244779024039,834,42
DEB14,2026-08-01,2.809276408280482,3.561671446176691,-0.5396435017731275,199,11
DEB15,2026-08-01,2.483457045454564,3.577439327277233,-1.3585902316463165,53,3
DEB17,2026-08-01,2.8458301600221465,3.5933826522196415,-0.45853637989955637,842,39
DEB18,2026-08-01,3.257272984241409,3.5876277802156067,0.5710705891925681,234,8
DEB1A,2026-08-01,2.953385277153089,3.3867889112547753,-0.12340919812042063,197,34
DEB1D,2026-08-01,3.763614925817029,2.982929451230988,2.030411280335771,36,2
DEB21,2026-08-01,3.2037687676497284,3.555649499507895,0.4477083020155027,589,31
DEB22,2026-08-01,2.543736251884447,3.405315738874278,-1.1526441671585064,175,8
DEB23,2026-08-01,2.4570583614850423,3.4378400167495626,-1.3796226987288764,250,113
DEB24,2026-08-01,4.101760285308288,3.6055797045881506,2.6747660284457697,72,4
DEB25,2026-08-01,3.250868466829192,3.519980885936033,0.5768348044830641,316,17
DEB31,2026-08-01,1.7709612216945614,3.30326434412,-3.0501522238280674,49,5
DEB32,2026-08-01,2.707962744838263,3.500160576785738,-0.7729297248745653,1068,28
DEB34,2026-08-01,3.4034322539593442,3.4396742127906004,0.9837635037431316,243,18
DEB35,2026-08-01,2.68359095978939,3.817766541108947,-0.9359837602913869,859,42
DEB36,2026-08-01,2.8524158631144765,3.7359037148632623,-0.4879353017138507,18,3
DEB38,2026-08-01,2.070973839038446,3.6426616300162364,-2.4099268947489154,104,4
DEB3A,2026-08-01,3.0003743680226242,3.576098959376791,-0.06693545173670735,124,9
DEB3B,2026-08-01,3.164068221835245,3.941231656498434,0.22449589500791847,191,20
DEB3C,2026-08-01,3.021447753192161,3.4462437400355386,0.027479303546614518,108,9
DEB3E,2026-08-01,2.7919656501501176,3.6371818185663187,-0.6071765385270395,140,4
DEB3G,2026-08-01,1.8920225326936326,3.7456872841520483,-2.890078564611667,67,32
DEB3H,2026-08-01,4.164338864906253,3.8460831575585384,2.753712128269246,109,3
DEB3I,2026-08-01,4.004838484304558,3.164007420298701,2.57471752993816,63,3
DEB3J,2026-08-01,3.1327670374346597,3.5002897790136087,0.2881603360890009,316,28
DEC01,2026-08-01,3.138944667333686,3.517268360404155,0.29812955444484385,938,38
DEC02,2026-08-01,3.488327681147185,3.5530985573859883,1.159337356509692,205,7
DEC03,2026-08-01,3.645987696073006,3.501218532576332,1.5698511214538984,235,8
DEC04,2026-08-01,3.1089941330543858,3.5309965615093386,0.218898786623357,420,19
DEC05,2026-08-01,2.894493986709666,3.617683182792761,-0.3447950901009108,210,7
DEC06,2026-08-01,3.180530429202473,3.575079022475151,0.3834099970635242,174,14
DED21,2026-08-01,3.2906736115640007,3.6598609066926238,0.6312653741390405,1714,125
DED2C,2026-08-01,3.3118274701876294,3.6498950729607214,0.6873122895437184,428,36
DED2D,2026-08-01,2.7513005199517733,3.6148519647210406,-0.701571613863321,602,62
DED2E,2026-08-01,3.234186324461402,3.7578490343987396,0.458640911625588,539,49
DED2F,2026-08-01,2.9957413165053386,3.5808811913647927,-0.08004695436850508,313,20
DED41,2026-08-01,2.7430618126549176,3.425744400572807,-0.6613147326307296,456,24
DED42,2026-08-01,3.0731922032644565,3.711327655323498,0.07145487483076694,290,20
DED43,2026-08-01,2.813657390921302,3.68723192866398,-0.5690933810733949,669,51
DED44,2026-08-01,2.5266136937451344,3.4286141183587096,-1.2029103029553334,441,12
DED45,2026-08-01,2.562124326174144,3.550747752370198,-1.1534980488543654,693,159
DED51,2026-08-01,2.9074019337085444,3.3902802349719114,-0.23939556880285753,3541,124
DED52,2026-08-01,3.2365398859625882,3.5518757513040917,0.5307823087331661,378,29
DED53,2026-08-01,3.2229314688142665,3.693643354951389,0.4511822673101956,519,71
DEE01,2026-08-01,2.6844800037986105,3.4874639817661057,-0.8275034400345447,76,8
DEE02,2026-08-01,2.4182202867781344,3.118450667492103,-1.3738887823801578,129,11
DEE03,2026-08-01,2.447087021128104,3.621613269531688,-1.463650946934557,751,20
DEE04,2026-08-01,2.4036397766462683,3.5540050065636284,-1.5504293195656187,134,16
DEE07,2026-08-01,2.7001044919416843,3.397781588823402,-0.7596233974029986,49,3
DEE08,2026-08-01,2.445718203113561,3.522041946500542,-1.4350376978849306,72,2
DEE09,2026-08-01,3.064434696587585,3.585027281744091,0.09021052667122988,187,15
DEE0A,2026-08-01,2.7577201548582804,3.6193114641195208,-0.6869704490103159,40,4
DEE0B,2026-08-01,3.461567361673042,3.750755003490459,1.0289051298121454,56,15
DEE0C,2026-08-01,3.259746692873376,3.7158066098919496,0.5360141399177021,58,6
DEE0D,2026-08-01,3.62490096531536,3.650582063744515,1.4691271340419534,121,7
DEF01,2026-08-01,2.6990489518331384,3.8250382093268427,-0.8997100919736085,447,18
DEF02,2026-08-01,2.6255165177478488,3.5353962519613886,-0.9902101218321449,1262,69
DEF03,2026-08-01,2.560800845299684,3.5860607570951504,-1.1681643358805054,796,23
DEF04,2026-08-01,2.778405053825096,3.3842802251194146,-0.5596905923318918,294,42
DEF05,2026-08-01,3.1261657813385386,4.171555188719309,0.05572230173354976,672,15
DEF06,2026-08-01,3.2618249619385713,3.466767746654019,0.621322231405564,276,11
DEF07,2026-08-01,3.199193459170675,3.682577663990111,0.39544624105942133,176,14
DEF08,2026-08-01,2.703595368032651,3.5535267993296604,-0.8010072392517158,466,21
DEF09,2026-08-01,2.7102504167337984,3.5629605014292003,-0.7874182464181855,861,63
DEF0A,2026-08-01,4.000751691648583,3.602376199450868,2.4234841546145507,243,5
DEF0B,2026-08-01,3.1457888323753327,3.5155767781922083,0.31576999170976133,793,53
DEF0C,2026-08-01,3.124933170308009,3.6494118024519007,0.2206187757153358,295,14
DEF0D,2026-08-01,2.9764017554243973,3.747654534319793,-0.18200743382934734,496,27
DEF0E,2026-08-01,3.5490919393214297,3.7055219993843176,1.2620870713818664,440,11
DEF0F,2026-08-01,2.9947194246853055,3.375686557623137,-0.016587699641305145,442,22
DEG01,2026-08-01,2.9447782200704262,3.3823582877712854,-0.14348368116978422,629,36
DEG02,2026-08-01,2.720002498084949,3.7237095372476756,-0.8147717813210892,437,39
DEG03,2026-08-01,3.0332342682828126,3.6992754478821226,-0.024480032666890337,785,62
DEG04,2026-08-01,2.8113630476174207,3.705166150612645,-0.5805939965983083,275,11
DEG05,2026-08-01,2.7221335631819596,3.8290657335213987,-0.8433420051183076,227,9
DEG06,2026-08-01,1.7470487900818048,3.6056458819043415,-3.2071610721587986,88,2
DEG07,2026-08-01,3.2731762677372687,3.813981530702422,0.5379770517539427,294,27
DEG09,2026-08-01,2.758021991039739,3.811844786280067,-0.7481551621489364,114,16
DEG0A,2026-08-01,2.7838487336349336,3.3678478087568027,-0.5408062892845207,45,5
DEG0B,2026-08-01,2.7660398615862625,3.798534516203436,-0.7238451153462904,783,61
DEG0C,2026-08-01,3.264470435702341,3.5447607407847284,0.6028398076643737,210,24
DEG0D,2026-08-01,2.983806080520511,3.3204675850110297,-0.026084328679956425,61,3
DEG0E,2026-08-01,2.682125035244008,3.611838016604103,-0.873397573117933,241,20
DEG0F,2026-08-01,2.765770417111224,3.538825445526448,-0.6409688042256088,431,33
DEG0H,2026-08-01,2.733497995896881,3.7039817779359154,-0.7747144720324999,353,27
DEG0I,2026-08-01,3.277013720958216,3.90107059173455,0.5195458717006112,430,49
DEG0J,2026-08-01,2.6885666479439827,4.057960640984715,-1.0008261634949351,72,4
DEG0K,2026-08-01,3.042102693359085,3.945355260312371,-0.08149210474940412,135,6
DEG0L,2026-08-01,3.1262562479553955,3.6410178001274964,0.2266241132762383,151,7
DEG0M,2026-08-01,2.9127238560859894,3.626421344828838,-0.30206924114037287,184,7
DEG0N,2026-08-01,2.9634087297211082,3.603842180069024,-0.1681981457256958,161,3
DEG0P,2026-08-01,2.978826832546538,3.799677687793532,-0.19268579967492516,257,16
DE111,2026-09-01,3.0041312761283447,3.62384435611,-0.15046747374587988,996,58
DE112,2026-09-01,1.9618506991275921,2.950304058169377,-2.3991500499960248,167,18
DE114,2026-09-01,2.7324264531312914,3.837895642194011,-0.9369103857288671,77,4
DE115,2026-09-01,2.7121739498618633,3.5854750479233495,-0.8576002156987581,433,30
DE116,2026-09-01,2.6738722576950726,3.398154199349416,-0.8566827673821126,213,8
DE117,2026-09-01,3.2631347330894465,3.202585662696465,0.7108476784959865,182,7
DE118,2026-09-01,2.518722314367131,3.481890654928574,-1.28597768392628,316,157
DE119,2026-09-01,2.4367560398490635,3.1294577626897215,-1.308908277410518,64,3
DE11A,2026-09-01,3.354966693875771,3.309463512405263,0.8845417039406627,105,9
DE11B,2026-09-01,3.4926972485149497,4.079486023891157,0.8316837842733728,411,42
DE11D,2026-09-01,2.9528177045355495,3.7633144301110293,-0.34989700699598053,672,89
DE122,2026-09-01,2.192205818573168,3.457372847453998,-2.0862673246000063,807,100
DE123,2026-09-01,3.544244639572537,3.623152491908969,1.1945460586096075,422,45
DE124,2026-09-01,3.2207266670562187,3.71117755886644,0.34388056346395235,381,46
DE125,2026-09-01,3.051382907618669,3.4734162842010243,0.044481332138829294,452,43
DE126,2026-09-01,3.2310560240804578,3.5222665449762287,0.466686385219327,1034,74
DE127,2026-09-01,3.2582745205009376,3.7932487436745643,0.39517898725638256,421,41
DE128,2026-09-01,3.2215281016824098,3.501500445400643,0.45363846427709575,960,44
DE129,2026-09-01,3.0520656601637492,3.60445034853079,-0.021163298127010486,120,3
DE12A,2026-09-01,2.821633019009368,4.034711414559076,-0.8159757163715636,97,5
DE12B,2026-09-01,4.070637832231918,3.703882382418416,2.463555699223932,76,3
DE12C,2026-09-01,1.4273492513507262,3.537950582104217,-4.031855096244692,50,4
DE131,2026-09-01,3.4667658776443124,3.5434060191758614,1.042641481157677,828,30
DE132,2026-09-01,2.8554651868938925,3.7337783551501253,-0.5770844026487068,618,45
DE133,2026-09-01,2.7174708308767506,3.493461206777343,-0.7971230592580372,430,33
DE134,2026-09-01,3.045418197167201,3.503927164681289,0.01395074304781223,1392,113
DE135,2026-09-01,3.2418177891531625,3.632180400771389,0.43698895149509415,109,5
DE136,2026-09-01,2.961401510931391,3.8881221532510777,-0.3926712930930584,214,10
DE137,2026-09-01,3.2243752503929706,3.704502384587536,0.35639469807457785,162,13
DE138,2026-09-01,2.680834723941486,3.773298513736628,-1.0321529443416906,547,31
DE139,2026-09-01,2.830890949342741,3.3473075670660246,-0.43963902858096116,711,55
DE13A,2026-09-01,3.0678636728949096,3.652725908089789,-0.0066438264468376244,335,22
DE141,2026-09-01,1.8241346059575256,3.56082253206626,-3.055779300157817,89,5
DE142,2026-09-01,1.9542516089568993,3.1326751329508187,-2.511797467323979,71,19
DE143,2026-09-01,2.8530037034348132,3.3265184165319943,-0.373902959325856,94,2
DE145,2026-09-01,3.2332007494723327,3.5899218359642706,0.4372547113795145,134,15
DE146,2026-09-01,3.2999952635860783,3.567237773299833,0.615203687615435,375,28
DE147,2026-09-01,2.534980093705844,3.8122021161702158,-1.4152647375153982,354,36
DE148,2026-09-01,2.9571922904200156,3.5892026622321547,-0.2495221018042478,357,45
DE149,2026-09-01,2.6650322902538917,3.7925155650700577,-1.0813709629281183,205,20
DE211,2026-09-01,3.2153373874836824,3.6252853319658365,0.3746074406577058,910,66
DE212,2026-09-01,2.808840951828778,3.5897903426025133,-0.6191573565123968,5123,254
DE213,2026-09-01,2.8583846780458786,3.6206866194104625,-0.5116930652173701,488,24
DE214,2026-09-01,2.9049023393084297,3.880324719086008,-0.5293233066879034,427,26
DE215,2026-09-01,2.529923032349793,3.701888566028353,-1.3711595396392011,168,11
DE216,2026-09-01,3.0610559724888953,3.5847904669888866,0.01132295822395962,456,20
DE217,2026-09-01,2.4785818335942285,3.4210685859785164,-1.354651565777506,176,7
DE218,2026-09-01,3.1932755598553264,3.506304859896799,0.3808321607372925,154,8
DE219,2026-09-01,3.305443715774913,3.702654902326028,0.559171012667066,540,15
DE21A,2026-09-01,3.1809188530098047,3.5640786398454494,0.3203765040601957,203,11
DE21B,2026-09-01,3.3335557546801944,3.6097964601008066,0.676882515655245,267,20
DE21C,2026-09-01,3.8281255408746038,3.64812321309154,1.8884580036067773,222,22
DE21D,2026-09-01,3.883065352917632,3.714269635724508,1.9912396448193752,131,7
DE21E,2026-09-01,3.001497759977234,3.6545837571236124,-0.17282221971864448,126,11
DE21F,2026-09-01,3.192729808188953,3.723189731913222,0.26800640742423837,375,44
DE21G,2026-09-01,2.9944716245180594,3.621037654417336,-0.17307350194012314,321,16
DE21H,2026-09-01,3.3037198009990623,3.4549262108541376,0.6821982891306525,509,18
DE21I,2026-09-01,3.2851209052636667,3.6509116401585207,0.5351688848017875,322,24
DE21J,2026-09-01,3.6043613412206694,3.419837854987964,1.4487043713337073,329,17
DE21K,2026-09-01,3.1056871957465915,3.50549505640272,0.16318970692257612,549,12
DE21L,2026-09-01,3.020365230139011,3.7124004605485053,-0.15556470420779225,177,13
DE21M,2026-09-01,3.3602943527747717,3.6489517678901224,0.7233268156183148,328,11
DE21N,2026-09-01,3.2773741351022614,3.7621774430226838,0.4586980579750726,210,10
DE221,2026-09-01,3.4779913948279457,3.548827515160664,1.067802001869421,218,15
DE222,2026-09-01,3.0064581983836947,3.5564463915895814,-0.11003550630189989,964,41
DE223,2026-09-01,3.203688030477891,3.5834400500306804,0.3671115848283016,273,8
DE224,2026-09-01,2.977409099879435,3.574371616635148,-0.19156828996241482,686,20
DE225,2026-09-01,3.11155733439723,3.5955724172203833,0.1315090373277681,365,24
DE226,2026-09-01,2.7201896457725407,3.608080150173835,-0.8492622582526355,153,8
DE227,2026-09-01,3.757737656626079,3.5252411963055033,1.7763760961124313,103,6
DE228,2026-09-01,3.197114806844743,3.653093547749313,0.3149488688518404,577,20
DE229,2026-09-01,2.9197844260221855,3.44122292020508,-0.26659858810429204,428,15
DE22A,2026-09-01,3.0481434471162387,3.6394632414164385,-0.04892270712968459,370,20
DE22B,2026-09-01,3.102760525565546,3.5827622540876733,0.11619236578872355,272,18
DE22C,2026-09-01,3.3363508866605143,3.548244199938371,0.7154757559408984,499,17
DE232,2026-09-01,3.2980033580479406,3.2824398201874745,0.7566153678802378,753,44
DE234,2026-09-01,3.3345008522868422,3.3523894459487638,0.8115286572540058,292,7
DE235,2026-09-01,3.3278276439524346,3.509612453510141,0.7141110434373141,532,31
DE236,2026-09-01,3.288730129799171,3.5181756161410624,0.6123734703763842,418,39
DE237,2026-09-01,2.653646555910202,3.7004812648740697,-1.062416075159488,275,22
DE238,2026-09-01,2.6650903027707686,3.086348654336728,-0.7182950529133166,501,26
DE239,2026-09-01,3.321615843886078,3.3251532221437565,0.7934482793042936,857,56
DE23A,2026-09-01,3.4980452137993976,3.861703344171738,0.956926479463557,445,36
DE241,2026-09-01,3.3614882441723744,3.5230888514312206,0.7909858204082094,474,31
DE242,2026-09-01,3.3255905475553327,3.6641262378091497,0.6291298996934956,732,61
DE243,2026-09-01,3.3569107042222206,3.5313203653142207,0.7753590955244111,349,19
DE244,2026-09-01,3.482103308607648,3.7276390105058117,0.9861395512149562,1059,124
DE245,2026-09-01,3.2967428311168625,3.3862652820746892,0.7001165244172706,155,11
DE246,2026-09-01,3.53085194246952,3.6062662798879,1.169882402073385,514,60
DE247,2026-09-01,3.1357627134504162,3.0933900284481544,0.44986488274408015,89,7
DE248,2026-09-01,3.373440175193756,3.703509509658327,0.7280147340950412,196,21
DE249,2026-09-01,3.0567801083147135,3.7129916487070096,-0.06521062024886345,435,21
DE24A,2026-09-01,3.5521998663574386,3.6158676194971955,1.2180952985083213,260,28
DE24B,2026-09-01,3.487894086276637,3.7087377697913393,1.0102703948935545,367,34
DE24C,2026-09-01,3.400107431402073,3.834206390916543,0.7272340197095871,158,15
DE24D,2026-09-01,3.569368962197126,3.864594238642827,1.1330072274164684,335,22
DE251,2026-09-01,3.1558552311409227,3.5331976205291644,0.27384966383798437,335,18
DE252,2026-09-01,3.419105840250827,3.4232557869333866,0.985738483802213,534,53
DE253,2026-09-01,2.8694711745803234,3.4314938560309383,-0.3868574765887875,581,39
DE254,2026-09-01,3.0739367188315785,3.4636664461888773,0.10564184268271203,2176,150
DE255,2026-09-01,3.1590816180253563,3.651520468008188,0.22107050252349206,206,14
DE256,2026-09-01,3.10732257358868,3.6575962837418468,0.0890893390913924,500,34
DE257,2026-09-01,3.5435492584888917,3.479794279496235,1.2664931925956249,369,23
DE258,2026-09-01,3.285734623922885,3.462531482896681,0.6335139706801309,179,15
DE259,2026-09-01,3.284459018757773,3.491787725525108,0.6153021220357926,465,21
DE25A,2026-09-01,2.598965721038872,3.577644355828395,-1.1354171361868497,277,14
DE25B,2026-09-01,3.6524908715715925,3.539923948788296,1.5068091748402028,463,19
DE25C,2026-09-01,3.2510326182711426,3.6122669014576303,0.4701645071885979,413,28
DE261,2026-09-01,3.2905707804179185,3.3283156168756847,0.7145336657660254,179,3
DE262,2026-09-01,2.6800301025571103,3.53554459052281,-0.9119634988988937,348,30
DE263,2026-09-01,3.0665953034600335,3.428639617442426,0.10536665727953204,938,99
DE264,2026-09-01,2.8046787468207444,3.383741778444202,-0.5236217343555724,139,11
DE265,2026-09-01,3.042710281288866,3.6717368501472922,-0.07903591756491138,236,15
DE266,2026-09-01,2.654657717913917,3.549954037007726,-0.9825358726302511,299,28
DE267,2026-09-01,3.0381764862865634,3.410451304362531,0.04396341181673936,240,13
DE268,2026-09-01,3.2609811767438717,3.550203282441395,0.5268296191440784,234,23
DE269,2026-09-01,2.920067109138917,3.763640997837413,-0.43160022544511445,194,9
DE26A,2026-09-01,2.8244821627003787,3.5716803037415708,-0.5709096601337443,551,51
DE26B,2026-09-01,3.1100070703703135,3.5228107446905925,0.1650450761648944,176,15
DE26C,2026-09-01,3.4578484990596055,3.669202668073361,0.9557882589708555,316,32
DE271,2026-09-01,3.0992375861639188,3.2889356307909976,0.2584326542863097,1113,61
DE272,2026-09-01,4.106263769359772,4.048572742956798,2.375097340233425,30,2
DE273,2026-09-01,2.9530440020098405,3.3478542267466764,-0.13580961423555005,44,3
DE274,2026-09-01,2.8073004587222297,3.3420798219911165,-0.49568277510862635,110,10
DE275,2026-09-01,3.2003976176186915,3.6814641507507515,0.3085407533885203,334,27
DE276,2026-09-01,3.044427665851647,3.6072431002607686,-0.041614054588132665,285,18
DE277,2026-09-01,3.4666649457064334,3.5325415301184626,1.0479739605348626,85,12
DE278,2026-09-01,3.0907318866422657,3.4370607480395603,0.16112872056030017,269,25
DE279,2026-09-01,3.332923739950849,3.5082608997948457,0.7274928312192536,476,24
DE27A,2026-09-01,2.964182592062757,3.5690983325669827,-0.22178661917113238,61,4
DE27B,2026-09-01,3.701377671652235,3.2327789767445014,1.7863728562480463,161,4
DE27C,2026-09-01,3.4733762556086165,3.8000677320059557,0.9271883801901328,178,16
DE27D,2026-09-01,3.4579551768313452,3.5440444400480953,1.0203783817548475,460,29
DE27E,2026-09-01,3.1174891507411178,3.516744572844892,0.18679003202554545,123,6
DE300,2026-09-01,2.6852917641092673,3.4147696741672893,-0.83679239190797,9828,733
DE401,2026-09-01,2.953919502739163,3.204890422488946,-0.06015434135901913,128,19
DE402,2026-09-01,3.4925948003868204,3.358890938291065,1.2017755130864265,297,5
DE404,2026-09-01,2.7221023065578294,3.626499654204783,-0.8539671530993229,479,34
DE406,2026-09-01,2.837409030004853,3.9112190906603685,-0.7132316460933393,254,27
DE408,2026-09-01,2.9877018278253593,3.4587317229172974,-0.10651104024876414,212,31
DE409,2026-09-01,4.147165341507547,3.5549043843672594,2.7306440224547597,44,4
DE40A,2026-09-01,2.877568027789938,3.5191432430685214,-0.4117467049381808,360,28
DE40C,2026-09-01,2.5535490189709282,3.8022792828900087,-1.3639360277707675,83,26
DE40D,2026-09-01,3.050413538571518,3.592880008635121,-0.019329867700454154,317,34
DE40E,2026-09-01,3.0681791600548993,3.930180011793795,-0.14845475201656716,572,38
DE40F,2026-09-01,4.0566917750149445,3.664937957026879,2.4488511308551817,185,14
DE40G,2026-09-01,2.772365686691776,2.9521098236085597,-0.38223242462872675,214,11
DE40H,2026-09-01,2.7663311810856186,3.599406782229303,-0.7299313585184193,235,31
DE40I,2026-09-01,3.155308908727067,3.7725655899219466,0.14946739724523525,153,35
DE501,2026-09-01,3.0506850540415433,3.475316642603856,0.04176728544309746,1699,175
DE502,2026-09-01,2.7287188592736986,3.598908898288795,-0.8233145331080369,165,25
DE600,2026-09-01,2.871926164001005,3.42119567723963,-0.37545286732489874,2845,491
DE711,2026-09-01,2.921151358475998,3.5389808755856125,-0.31343777976640463,548,28
DE712,2026-09-01,2.384690786790454,3.0811842418741793,-1.4137191625707182,648,79
DE713,2026-09-01,3.239085648606259,3.1802022809680364,0.6624792902722002,268,20
DE714,2026-09-01,3.139903592432194,3.533287929803888,0.23409029452040803,610,51
DE715,2026-09-01,3.5271247388688907,3.847943885486168,1.0363940347160958,597,36
DE716,2026-09-01,3.2834265668390183,3.6673468895085914,0.5225038592652265,350,32
DE717,2026-09-01,3.37243901064831,3.8940343636393453,0.6276028111114441,672,84
DE718,2026-09-01,4.017442030808697,3.838794520754128,2.261782727102044,46,2
DE719,2026-09-01,3.1923626421914197,3.6501159425559666,0.30464828009994416,713,55
DE71A,2026-09-01,2.8609959105533327,3.7011915866034943,-0.5465673665734083,55,10
DE71B,2026-09-01,3.4382928046143384,3.6646488378866477,0.9094431234695569,164,23
DE71C,2026-09-01,3.2540465078093703,3.345174093134756,0.6149390542279709,181,9
DE71D,2026-09-01,3.0508498801177586,3.912776662951382,-0.1826530845715844,148,13
DE71E,2026-09-01,3.1027422110898786,3.6722771205315508,0.07014098513199318,188,12
DE721,2026-09-01,3.378822338124283,3.5748288385105758,0.8075489685509756,298,15
DE722,2026-09-01,3.897329475530353,3.780056879785419,1.9929403113350266,441,25
DE723,2026-09-01,2.571978197011425,3.702988701761973,-1.2670250563331213,250,19
DE724,2026-09-01,3.0772542831699634,3.6449220487274245,0.020745653327676767,732,99
DE725,2026-09-01,1.6211172796717317,2.7213879783736497,-3.129784302448772,116,5
DE731,2026-09-01,2.9887259631208,3.706950092984264,-0.23153214521481497,347,54
DE732,2026-09-01,3.366778948895064,3.7409138375199458,0.6922072518375849,183,8
DE733,2026-09-01,2.8719925465363616,3.778410393954021,-0.5588765880672499,143,14
DE734,2026-09-01,3.1683120162231697,3.7417502665866516,0.1976771388575905,143,32
DE735,2026-09-01,3.501235777517224,3.766703311840641,1.0136945209134445,214,13
DE736,2026-09-01,3.1059793400801468,3.6716862090128046,0.07850378831694665,209,20
DE737,2026-09-01,3.6414282661095605,3.960057200388616,1.2633421825111013,138,5
DE804,2026-09-01,3.2705466044066993,3.4256844993034643,0.6146394607067037,421,27
DE80J,2026-09-01,3.2852330371037626,3.7557390418698806,0.4815724488628357,687,62
DE80K,2026-09-01,3.4087144667199243,3.615798406708621,0.8609118182900959,1458,91
DE80L,2026-09-01,3.1512517455131204,3.6687106098948696,0.19274257154622645,459,46
DE80M,2026-09-01,3.326094218248549,3.6122169316528927,0.6570623978442974,421,34
DE80N,2026-09-01,2.842157524918835,3.727828555028875,-0.607157079455679,1109,73
DE80O,2026-09-01,3.3601634018079674,3.4406460187029735,0.8300586567057114,219,10
DE911,2026-09-01,2.721839055793247,3.3785350231659415,-0.7271821697620436,1031,101
DE912,2026-09-01,3.275303960146798,3.338215677429334,0.6714375299513471,340,57
DE913,2026-09-01,2.6896788722746305,3.5351911143775694,-0.8877604021273641,1391,255
DE914,2026-09-01,2.8317162465957395,3.609557575853153,-0.5723666587833351,643,25
DE916,2026-09-01,3.407999771204705,3.8988485358097345,0.7136601122483118,481,32
DE917,2026-09-01,3.428372615780343,3.564700767076693,0.9361138596555071,341,37
DE918,2026-09-01,3.166847771557406,3.5170243416045315,0.30952871195943255,273,9
DE91A,2026-09-01,3.1474613063528514,3.8379830016416303,0.09630912588459961,425,29
DE91B,2026-09-01,3.2080720155338582,3.6919393663550375,0.3222631242721772,507,38
DE91C,2026-09-01,2.657687138031955,3.4867642338660447,-0.9425177439321992,1103,56
DE922,2026-09-01,3.67481598934133,3.6460034840173554,1.5078703195281986,674,26
DE923,2026-09-01,2.759665132242345,3.3634546091893003,-0.6252604348886428,51,3
DE925,2026-09-01,3.7156220752281657,3.4012744812856526,1.735237956532962,237,13
DE927,2026-09-01,3.397559676352264,3.841901284031531,0.7169364101679585,123,11
DE928,2026-09-01,3.0552212822161433,3.317435601065968,0.13420289997187568,81,12
DE929,2026-09-01,2.864095755860861,3.4653531895133356,-0.4176418972067889,3697,385
DE931,2026-09-01,3.2779130353110477,3.21769191478542,0.7398757191424683,53,5
DE932,2026-09-01,2.3203715051134353,3.4921687266949184,-1.7850711899676475,83,4
DE933,2026-09-01,2.995959061156867,3.6690698601667386,-0.19405635051492232,194,12
DE934,2026-09-01,3.1810707841008954,3.634262935333979,0.28468382895520444,126,6
DE935,2026-09-01,3.5031007948107526,3.53327113013403,1.1383091172105075,736,24
DE936,2026-09-01,3.1023924366062543,3.6559337911727026,0.07766977661193333,338,23
DE937,2026-09-01,2.9672906793757243,3.3901390503732842,-0.12207341002948668,179,14
DE938,2026-09-01,2.443226913873722,3.6046613444344704,-1.5370273500914304,74,7
DE939,2026-09-01,2.653873589443631,3.2102114616936146,-0.8098787739925792,235,22
DE93A,2026-09-01,3.435692148076001,3.5416656196167207,0.9661752712274733,168,15
DE93B,2026-09-01,3.28404345642937,3.7600533514536365,0.4763935659706657,525,32
DE941,2026-09-01,3.3900615144462245,3.5515933050216755,0.847471653365159,517,36
DE942,2026-09-01,2.7018754097654694,3.3157680179539484,-0.7446245213412075,217,158
DE943,2026-09-01,3.050852038127054,3.4811542475753567,0.03918279419471428,643,23
DE944,2026-09-01,2.981636621841392,3.573358286261573,-0.18052271923882032,2108,370
DE945,2026-09-01,2.9305913311700014,3.381446327123294,-0.20897195668217572,470,38
DE946,2026-09-01,2.8480080001921873,3.640326233111064,-0.5476203793694383,159,10
DE947,2026-09-01,2.9053617506872227,3.3405363918440867,-0.2507576461843676,231,35
DE948,2026-09-01,3.1053887799829876,3.4089357546598764,0.21207301841676446,290,14
DE949,2026-09-01,2.6211507689388,3.5573289942675097,-1.0697445872051032,1054,124
DE94A,2026-09-01,2.7097534488214405,3.530697845412386,-0.835473747534795,474,30
DE94B,2026-09-01,3.2124874313335026,3.7173378110693065,0.3202022530437988,950,38
DE94C,2026-09-01,3.196464072437189,3.3943874967147702,0.4462896860118026,154,20
DE94D,2026-09-01,3.3866578944734687,3.479898343280747,0.8758453741676294,611,35
DE94E,2026-09-01,2.893287741896909,3.664539172927572,-0.4473367659191432,962,70
DE94F,2026-09-01,3.8396200362608837,3.1978226241852945,2.1485045972854353,202,6
DE94G,2026-09-01,3.008124664712331,3.408036266168743,-0.029611943974052837,294,32
DE94H,2026-09-01,3.317117812442219,2.868711584786973,1.0168362890479568,28,1
DEA11,2026-09-01,2.933229983297391,3.525070620912471,-0.27621790425357073,1989,74
DEA12,2026-09-01,2.8133609122312047,3.5071314828204687,-0.5654223626395067,850,47
DEA13,2026-09-01,2.84488558479546,3.50512302953068,-0.48590678494678985,663,44
DEA14,2026-09-01,3.167808308147591,3.460948999480083,0.3407397329277029,632,37
DEA15,2026-09-01,3.352697378508312,3.5057043413861053,0.778034911045304,762,12
DEA17,2026-09-01,3.2263455315770813,3.6209823741058336,0.40422463438536804,523,79
DEA18,2026-09-01,2.546501168292288,3.5173739380887277,-1.2350563575366469,135,4
DEA19,2026-09-01,2.973160460037483,3.5488726018468233,-0.18904052830363263,193,10
DEA1A,2026-09-01,2.99824119969784,3.09690035401152,0.1056893128958058,556,15
DEA1B,2026-09-01,3.235295771465112,3.527773461347856,0.4744113390607419,1229,51
DEA1C,2026-09-01,3.49713846569885,3.6238909385708746,1.0768917285733,1025,37
DEA1D,2026-09-01,3.08823963519589,3.437995029261243,0.15444387969271248,1202,56
DEA1E,2026-09-01,3.588591620272824,3.548155329487865,1.3434960950144932,706,18
DEA1F,2026-09-01,3.185277836911175,3.738818724163509,0.24142163979002984,1687,71
DEA22,2026-09-01,2.788792200088102,3.399235920233951,-0.5711357859501985,744,100
DEA23,2026-09-01,2.888492201384909,3.4706250306303605,-0.35961432067704857,2692,121
DEA24,2026-09-01,2.9947087926260276,3.57356431422314,-0.14808433039678642,858,48
DEA26,2026-09-01,3.526479358103674,3.5727655769914666,1.1762140269453847,637,16
DEA27,2026-09-01,3.008856333706535,3.473243758358257,-0.061303505573900005,240,9
DEA28,2026-09-01,2.9176298373378726,3.6229620230081117,-0.365366658663074,347,14
DEA29,2026-09-01,3.393395464055022,3.374421480807726,0.9468285093839134,420,14
DEA2A,2026-09-01,3.209877865350993,3.8675052975894464,0.23652757600275337,469,27
DEA2B,2026-09-01,3.4383840663775045,3.7169755735038916,0.8827772239464242,325,15
DEA2C,2026-09-01,3.133064599245737,3.4640616960278616,0.252642570574824,594,41
DEA2D,2026-09-01,3.3529429154638835,3.552415289102119,0.7546393030044762,917,63
DEA31,2026-09-01,3.456844403308684,3.591078926790237,0.9934398424270255,261,26
DEA32,2026-09-01,2.3977734468027028,3.3993240352836045,-1.5446553676128334,399,26
DEA33,2026-09-01,2.3767301636028573,3.7473472567741695,-1.775909458725029,554,39
DEA34,2026-09-01,3.6427921970817074,3.378331014620908,1.565713505307299,126,7
DEA35,2026-09-01,3.0503360860428375,3.759736466881068,-0.10527785999411245,243,14
DEA36,2026-09-01,2.518907994241077,3.6371506832322793,-1.3653106499329801,347,21
DEA37,2026-09-01,3.3017571206852416,3.533880449963659,0.6367338346247037,255,14
DEA38,2026-09-01,2.5667834018643263,3.3785810236610567,-1.1132299911124854,50,7
DEA41,2026-09-01,3.4301184767095694,3.6225756166309138,0.9107157952759006,327,17
DEA42,2026-09-01,3.699677267008905,3.745711224516909,1.5185202058524259,294,28
DEA43,2026-09-01,2.4778396115777084,3.8606774336337013,-1.5824344894855786,255,86
DEA44,2026-09-01,3.2645971051936695,4.051178203324726,0.2783578474798088,51,8
DEA45,2026-09-01,3.547739638262291,3.8127263951141535,1.1058164518170122,683,34
DEA46,2026-09-01,3.2078535907237593,3.875651081543306,0.2273014818675529,422,39
DEA47,2026-09-01,2.6938577258305028,3.639814782581888,-0.931127682040343,297,20
DEA51,2026-09-01,3.5795075397762086,3.5880076377364296,1.3003985829620144,804,48
DEA52,2026-09-01,2.9390225575390128,3.5304925764683457,-0.2645833912179262,1056,39
DEA53,2026-09-01,3.307144188744903,3.489076388925823,0.673172253479435,458,39
DEA54,2026-09-01,2.7125791621010236,3.3120578729952723,-0.7160698103401751,223,28
DEA55,2026-09-01,3.4637197513737767,3.447406952210413,1.084396204402906,250,11
DEA56,2026-09-01,2.999407759586991,3.412033046001511,-0.053367545387054606,929,75
DEA57,2026-09-01,3.0185527629585436,3.591690370441162,-0.09803855686414038,848,91
DEA58,2026-09-01,2.5719736957061827,3.624268577868136,-1.2265783895566067,985,71
DEA59,2026-09-01,2.887181160502116,3.464068923751619,-0.3595087846950386,233,19
DEA5A,2026-09-01,2.639619176520547,3.541533885534859,-1.0156480937295724,877,61
DEA5B,2026-09-01,2.824058805842409,3.4589695663182094,-0.5140364383401151,187,19
DEA5C,2026-09-01,3.453127211534536,3.3858710387261106,1.0896513008043391,255,10
DEB11,2026-09-01,2.432137480045929,3.459216824733771,-1.4898848417498722,242,18
DEB12,2026-09-01,3.352427014528058,3.731791197423613,0.6611654381107845,714,35
DEB14,2026-09-01,3.341295974901431,3.4862458567478565,0.7596507568587203,216,12
DEB15,2026-09-01,1.8605234166736047,3.447499829813013,-2.9069445534424854,59,15
DEB17,2026-09-01,2.93178761902579,3.679965991830842,-0.3594166098995313,717,30
DEB18,2026-09-01,3.6224422633771733,3.6900139945933375,1.3548624791739137,191,5
DEB1A,2026-09-01,2.1296766261133,3.273062051998752,-2.147213293704229,132,17
DEB1B,2026-09-01,3.309633903432651,3.3675326722208365,0.741837485713046,76,3
DEB21,2026-09-01,2.822406369215526,3.553966048615683,-0.5669733576334975,473,35
DEB22,2026-09-01,2.813938302741424,3.1950644662436827,-0.4035993830218325,168,12
DEB23,2026-09-01,2.7869306547921275,3.541278963519424,-0.6487726790784949,212,69
DEB24,2026-09-01,3.3852326389581173,3.3428908437855007,0.9427115020379196,83,4
DEB25,2026-09-01,3.1739886496368923,3.6190781859237457,0.27485639296893616,268,14
DEB32,2026-09-01,3.024020231494052,3.365371544834813,0.03188876769290074,812,19
DEB34,2026-09-01,3.1119899157625386,3.5274645292717373,0.16758974485428946,183,27
DEB35,2026-09-01,3.114138878074922,3.4872200568759637,0.19362324406200118,1015,67
DEB37,2026-09-01,2.6010648218381918,3.6274413152063785,-1.1557841826703432,88,5
DEB38,2026-09-01,2.412560794950974,3.6804549121493157,-1.6523270318084189,110,8
DEB39,2026-09-01,2.0732603363300517,3.0341312249411785,-2.164868940856678,171,8
DEB3A,2026-09-01,3.3439874736129713,3.8332870092305544,0.5879911452199723,75,11
DEB3B,2026-09-01,3.356400939462557,3.8126060363268777,0.6295244176873923,214,24
DEB3C,2026-09-01,2.4967227788947173,3.756886508518498,-1.4820803406349436,99,8
DEB3E,2026-09-01,3.148399087781301,3.46942806027842,0.28806105810952765,141,6
DEB3F,2026-09-01,3.076498081737338,3.410088365228123,0.13955479954842512,153,10
DEB3G,2026-09-01,2.045822163432337,3.616120581331863,-2.5322895521523736,42,3
DEB3J,2026-09-01,3.4932316039973195,3.6914170942488975,1.0324604847980332,324,35
DEB3K,2026-09-01,2.9625763670080016,3.4264016347223603,-0.15244709097691828,121,12
DEC01,2026-09-01,3.126244099088035,3.4858343159627316,0.22447241242165916,741,44
DEC02,2026-09-01,3.698632586673444,3.449252550317464,1.6682830615152662,218,15
DEC03,2026-09-01,3.346384386893145,3.406326325179552,0.8133930930012588,143,7
DEC04,2026-09-01,3.080625533834931,3.4745908368415344,0.11667966984710156,396,17
DEC05,2026-09-01,3.1308125194060885,3.569239619290552,0.19298008041082781,174,13
DEC06,2026-09-01,4.198263016977136,3.4947864818000745,2.8887533527210336,131,4
DED21,2026-09-01,3.1843811178579515,3.4973363775462607,0.3632980076523779,1660,147
DED2C,2026-09-01,3.2674303833953244,3.5501397072621494,0.5429181393742508,484,73
DED2D,2026-09-01,2.736629517480725,3.5258900215969753,-0.766092538292156,578,73
DED2E,2026-09-01,3.1114433394308403,3.633383161482258,0.11179256586849894,508,38
DED2F,2026-09-01,3.5235321865923255,3.612399762046174,1.1485069729350759,351,36
DED41,2026-09-01,2.836982602288843,3.4583144025186043,-0.48152483413038427,383,29
DED42,2026-09-01,2.8865008630719724,3.8090533925762533,-0.5385057445046895,317,18
DED43,2026-09-01,3.0962623462353744,3.6251721387691114,0.0782182181085659,626,54
DED44,2026-09-01,3.1439143485231322,3.775393749996359,0.11964615394591974,333,27
DED45,2026-09-01,2.626638195965039,3.5223033154789403,-1.0380818742094573,728,181
DED51,2026-09-01,3.1588257606143184,3.3190889361328666,0.391285296986461,2979,136
DED52,2026-09-01,3.264575032890637,3.5302937429189547,0.5460092515592624,376,36
DED53,2026-09-01,3.211627309792011,3.650859027495571,0.35222739595523916,440,70
DEE01,2026-09-01,3.6112416154681326,3.5800301966928085,1.3835032233630948,100,3
DEE02,2026-09-01,2.4552610317897834,3.722884072778215,-1.567827463415415,132,10
DEE03,2026-09-01,2.7378033296418947,3.474030847608951,-0.7365174314283565,804,10
DEE04,2026-09-01,2.9804923517693824,3.5461086742108465,-0.16936665415538743,149,13
DEE07,2026-09-01,1.7575465481224843,3.438315623928548,-3.158594003546243,58,2
DEE09,2026-09-01,2.936454116169374,4.043053027761777,-0.5344060093231373,97,8
DEE0A,2026-09-01,2.9414831294763135,3.4838655590831764,-0.23449383158892712,27,4
DEE0B,2026-09-01,1.672061126921538,3.710561549006998,-3.511336834287965,79,30
DEE0C,2026-09-01,2.8278410346020117,3.867114492874206,-0.7143846101948697,46,6
DEE0D,2026-09-01,2.852307217786566,3.1355406061702933,-0.2774846852387452,140,20
DEF01,2026-09-01,2.4013871090438403,3.569146604596819,-1.6229384373253424,565,57
DEF02,2026-09-01,2.559875983080946,3.47318410722383,-1.1790474478352675,1343,75
DEF03,2026-09-01,2.589935793082366,3.473777654361868,-1.104516056590837,830,81
DEF04,2026-09-01,2.6160062434157227,3.2694826864156785,-0.9346149323723127,292,61
DEF05,2026-09-01,3.3164644039890177,4.052740177984619,0.40668310938785307,638,27
DEF06,2026-09-01,3.3646194221853682,3.343580969479375,0.8910384663171931,285,12
DEF07,2026-09-01,3.002282880870278,3.6563571910452715,-0.17177904360421978,185,13
DEF08,2026-09-01,3.40027864586552,3.4995762650662785,0.8996420037964206,432,33
DEF09,2026-09-01,3.114526522709676,3.4971505127505904,0.1894846026058557,1019,97
DEF0A,2026-09-01,2.4057369337115,3.5810950340824386,-1.6182500250592056,183,14
DEF0B,2026-09-01,3.2148476736088862,3.545898564989241,0.41418874803708283,657,58
DEF0C,2026-09-01,2.585526558450265,3.6283621966571618,-1.1949412881651673,356,20
DEF0D,2026-09-01,3.020313559556838,3.54241730618128,-0.06833122264718042,540,36
DEF0E,2026-09-01,3.410014150281427,3.544494274528497,0.9007939462952388,239,16
DEF0F,2026-09-01,2.888833863698678,3.4293574453744973,-0.33755442333989716,443,39
DEG01,2026-09-01,2.668803797345104,3.434785502669449,-0.8881276312666304,535,36
DEG02,2026-09-01,2.974517466390725,3.6000676420746482,-0.21197361945820178,409,24
DEG03,2026-09-01,2.758508589256538,3.6332863740497308,-0.7668186354907507,651,32
DEG04,2026-09-01,2.864523403940753,3.5027718634681544,-0.43580839957119716,228,29
DEG05,2026-09-01,2.8621724462019396,3.4699956988275784,-0.42481613739029955,235,6
DEG06,2026-09-01,2.802584739665337,3.454293229958514,-0.5650945611763508,62,5
DEG07,2026-09-01,3.4302743165693608,3.622435084005451,0.9111759979480565,283,16
DEG09,2026-09-01,3.3508010399835495,3.881750819321368,0.5800463263783268,108,14
DEG0B,2026-09-01,2.521573378783582,3.7339230091610247,-1.4084106751072034,836,84
DEG0C,2026-09-01,3.26277618065115,3.420709946516633,0.5978509830823796,200,19
DEG0D,2026-09-01,4.218812194086414,3.137808943746213,3.12337935782965,73,3
DEG0E,2026-09-01,3.284185461538972,3.5530548512174907,0.5831330992792122,245,27
DEG0F,2026-09-01,1.604724328775657,3.4995458958348835,-3.5705268966829595,377,6
DEG0H,2026-09-01,3.0762562378766556,3.7996239118749013,-0.061247430103144894,289,27
DEG0I,2026-09-01,3.084419614154788,3.9029131063141196,-0.09400905619401141,429,53
DEG0J,2026-09-01,2.978041095098069,3.903452198726234,-0.35912445110252006,77,6
DEG0K,2026-09-01,3.2089729618896357,3.8823575315825343,0.22664149966743966,135,12
DEG0L,2026-09-01,2.54047410972322,3.415704550001944,-1.197808680210675,135,12
DEG0M,2026-09-01,3.446059216964854,3.6343491882873704,0.9443506407813463,181,4
DEG0P,2026-09-01,2.372734111340658,3.618689308923018,-1.719734763621259,355,35
